proveedor,proyecto,factura,documento_id,referencia,pedimento,fecha,fecha_cierre,sku:right,desc,ubicacion,lote,sid,caducidad,tarimas,cantidad,cantidad_recibida,costo,importe_costo,precio,importe,calidad,contenedor,
INVENTARIOS,---,---,ENT-3-3-20260327-000000297,"ENTRADA PARA SKU INCORRECTO",---,"27/03/2026 11:08",---,1200179703828,"REEBOK FINALE",51750,"",00019732300708524452,---,1,12.00,"          12.0000",0.00,0.0000,0.00,0.0000,A,""
INVENTARIOS,---,---,INVE-CED-3-3-20260326-000002334,INVE-REF-CED-INV-3-3-20260326-000002333,---,"26/03/2026 17:50",---,1200179081193,"REEBOK SMASH EDGE",---,"",C08538560419,---,1,1.00,"           1.0000",0.00,0.0000,0.00,0.0000,A,""
INVENTARIOS,---,---,INVE-CED-3-3-20260326-000002333,INVE-REF-CED-INV-3-3-20260326-000002332,---,"26/03/2026 17:48",---,4066757090059,"DMX COMFORT +",---,"",C08538560420,---,1,12.00,"          12.0000",0.00,0.0000,0.00,0.0000,A,""
INVENTARIOS,---,---,INVE-CED-3-3-20260326-000002333,INVE-REF-CED-INV-3-3-20260326-000002332,---,"26/03/2026 17:48",---,1200179172051,VERSE,---,"",00019732300706536655,---,1,1.00,"           1.0000",0.00,0.0000,0.00,0.0000,A,""
INVENTARIOS,---,---,INVE-CED-3-3-20260326-000002333,INVE-REF-CED-INV-3-3-20260326-000002332,---,"26/03/2026 17:48",---,1200143221297,"ZIG DYNAMICA STR",---,"",C08538560421,---,1,2.00,"           2.0000",0.00,0.0000,0.00,0.0000,A,""
INVENTARIOS,---,---,INVE-CED-3-3-20260326-000002332,INVE-REF-CED-INV-3-3-20260326-000002331,---,"26/03/2026 17:36",---,1200179170224,"REEBOK PRIME EVENT",119140,"",00019732300707604537,---,1,12.00,"          16.0000",0.00,0.0000,0.00,0.0000,A,""
INVENTARIOS,---,---,INVE-CED-3-3-20260326-000002332,INVE-REF-CED-INV-3-3-20260326-000002331,---,"26/03/2026 17:36",---,1200179170224,"REEBOK PRIME EVENT",119140,"",00019732300707604544,---,1,4.00,"          16.0000",0.00,0.0000,0.00,0.0000,A,""
INVENTARIOS,---,---,INVE-CED-3-3-20260326-000002331,INVE-REF-CED-INV-3-3-20260326-000002330,---,"26/03/2026 17:22",---,1200143027110,"CLASSIC LEATHER",---,"",C08538560409,---,1,1.00,"           1.0000",0.00,0.0000,0.00,0.0000,A,""
INVENTARIOS,---,---,INVE-CED-3-3-20260326-000002331,INVE-REF-CED-INV-3-3-20260326-000002330,---,"26/03/2026 17:22",---,4065419120264,"CLASSIC LEATHER",---,"",C08538559514,---,1,1.00,"           1.0000",0.00,0.0000,0.00,0.0000,A,""
INVENTARIOS,---,---,INVE-CED-3-3-20260326-000002331,INVE-REF-CED-INV-3-3-20260326-000002330,---,"26/03/2026 17:22",---,1200161241802,"CLASSIC NYLON",---,"",C08538559514,---,1,1.00,"           1.0000",0.00,0.0000,0.00,0.0000,A,""
INVENTARIOS,---,---,INVE-CED-3-3-20260326-000002331,INVE-REF-CED-INV-3-3-20260326-000002330,---,"26/03/2026 17:22",---,1200161248009,"CLUB C GROUNDS UK",---,"",C08538559514,---,1,4.00,"           4.0000",0.00,0.0000,0.00,0.0000,A,""
INVENTARIOS,---,---,INVE-CED-3-3-20260326-000002331,INVE-REF-CED-INV-3-3-20260326-000002330,---,"26/03/2026 17:22",---,1200143228647,"CLUB C REVENGE",---,"",C08538560409,---,1,1.00,"           1.0000",0.00,0.0000,0.00,0.0000,A,""
INVENTARIOS,---,---,INVE-CED-3-3-20260326-000002331,INVE-REF-CED-INV-3-3-20260326-000002330,---,"26/03/2026 17:22",---,1200161959066,"HAMMER STREET",---,"",00019732300706052711,---,1,4.00,"           4.0000",0.00,0.0000,0.00,0.0000,A,""
INVENTARIOS,---,---,INVE-CED-3-3-20260326-000002331,INVE-REF-CED-INV-3-3-20260326-000002330,---,"26/03/2026 17:22",---,1200179042002,"NPC II",---,"",C08538559514,---,1,1.00,"           1.0000",0.00,0.0000,0.00,0.0000,A,""
INVENTARIOS,---,---,INVE-CED-3-3-20260326-000002331,INVE-REF-CED-INV-3-3-20260326-000002330,---,"26/03/2026 17:22",---,1200175094302,"NPC II",---,"",C08538560409,---,1,1.00,"           1.0000",0.00,0.0000,0.00,0.0000,A,""
INVENTARIOS,---,---,INVE-CED-3-3-20260326-000002331,INVE-REF-CED-INV-3-3-20260326-000002330,---,"26/03/2026 17:22",---,1200179089724,"REEBOK BB 1000",---,"",C08538560409,---,1,1.00,"           1.0000",0.00,0.0000,0.00,0.0000,A,""
INVENTARIOS,---,---,INVE-CED-3-3-20260326-000002331,INVE-REF-CED-INV-3-3-20260326-000002330,---,"26/03/2026 17:22",---,1200179089694,"REEBOK BB 1000",---,"",C08538559514,---,1,1.00,"           1.0000",0.00,0.0000,0.00,0.0000,A,""
INVENTARIOS,---,---,INVE-CED-3-3-20260326-000002331,INVE-REF-CED-INV-3-3-20260326-000002330,---,"26/03/2026 17:22",---,1200179089526,"REEBOK BB 1000",---,"",C08538560409,---,1,1.00,"           1.0000",0.00,0.0000,0.00,0.0000,A,""
INVENTARIOS,---,---,INVE-CED-3-3-20260326-000002331,INVE-REF-CED-INV-3-3-20260326-000002330,---,"26/03/2026 17:22",---,1200179365811,"REEBOK COURT CLEAN",---,"",00019732300707757189,---,1,12.00,"          12.0000",0.00,0.0000,0.00,0.0000,A,""
INVENTARIOS,---,---,INVE-CED-3-3-20260326-000002331,INVE-REF-CED-INV-3-3-20260326-000002330,---,"26/03/2026 17:22",---,1200143033197,"REEBOK COURT CLEAN",---,"",C08538560409,---,1,1.00,"           1.0000",0.00,0.0000,0.00,0.0000,A,""
INVENTARIOS,---,---,INVE-CED-3-3-20260326-000002331,INVE-REF-CED-INV-3-3-20260326-000002330,---,"26/03/2026 17:22",---,1200179703798,"REEBOK FINALE",---,"",00019732300708523677,---,1,6.00,"           6.0000",0.00,0.0000,0.00,0.0000,A,""
INVENTARIOS,---,---,INVE-CED-3-3-20260326-000002331,INVE-REF-CED-INV-3-3-20260326-000002330,---,"26/03/2026 17:22",---,1200161439827,"REEBOK FLEX TRAINER",---,"",00019732300704564926,---,1,12.00,"          12.0000",0.00,0.0000,0.00,0.0000,A,""
INVENTARIOS,---,---,INVE-CED-3-3-20260326-000002331,INVE-REF-CED-INV-3-3-20260326-000002330,---,"26/03/2026 17:22",---,4066748717750,"REEBOK GLIDE",---,"",C08538559514,---,1,1.00,"           1.0000",0.00,0.0000,0.00,0.0000,A,""
INVENTARIOS,---,---,INVE-CED-3-3-20260326-000002331,INVE-REF-CED-INV-3-3-20260326-000002330,---,"26/03/2026 17:22",---,4059814253665,"REEBOK ROYAL BB4500 HI2",---,"",C08538559514,---,1,1.00,"           1.0000",0.00,0.0000,0.00,0.0000,A,""
INVENTARIOS,---,---,INVE-CED-3-3-20260326-000002331,INVE-REF-CED-INV-3-3-20260326-000002330,---,"26/03/2026 17:22",---,4062053380610,"REEBOK ROYAL COMPLETE CLN2",---,"",C08538559514,---,1,1.00,"           1.0000",0.00,0.0000,0.00,0.0000,A,""
INVENTARIOS,---,---,INVE-CED-3-3-20260326-000002331,INVE-REF-CED-INV-3-3-20260326-000002330,---,"26/03/2026 17:22",---,1200143750421,"REEBOK ROYAL PRIME 2.0 2V",---,"",C08538560409,---,1,4.00,"           4.0000",0.00,0.0000,0.00,0.0000,A,""
INVENTARIOS,---,---,INVE-CED-3-3-20260326-000002331,INVE-REF-CED-INV-3-3-20260326-000002330,---,"26/03/2026 17:22",---,1200143266892,"REEBOK RUSH RUNNER 5 SYN",---,"",C08538559514,---,1,2.00,"           2.0000",0.00,0.0000,0.00,0.0000,A,""
INVENTARIOS,---,---,INVE-CED-3-3-20260326-000002331,INVE-REF-CED-INV-3-3-20260326-000002330,---,"26/03/2026 17:22",---,1200143661048,"REEBOK SMASH EDGE",---,"",C08538559514,---,1,1.00,"           1.0000",0.00,0.0000,0.00,0.0000,A,""
INVENTARIOS,---,---,INVE-CED-3-3-20260326-000002329,INVE-REF-CED-INV-3-3-20260326-000002328,---,"26/03/2026 16:52",---,4066748764099,"REEBOK COURT ADVANCE",---,"",00019732300706178695,---,1,1.00,"           1.0000",0.00,0.0000,0.00,0.0000,A,""
INVENTARIOS,---,---,INVE-CED-3-3-20260326-000002327,INVE-REF-CED-INV-3-3-20260326-000002326,---,"26/03/2026 16:49",---,1200179042002,"NPC II",---,"",00019732300704881030,---,1,12.00,"          12.0000",0.00,0.0000,0.00,0.0000,A,""
INVENTARIOS,---,---,INVE-CED-3-3-20260326-000002327,INVE-REF-CED-INV-3-3-20260326-000002326,---,"26/03/2026 16:49",---,1200143034347,"REEBOK COURT CLEAN",---,"",00019732300704990718,---,1,12.00,"          84.0000",0.00,0.0000,0.00,0.0000,A,""
INVENTARIOS,---,---,INVE-CED-3-3-20260326-000002327,INVE-REF-CED-INV-3-3-20260326-000002326,---,"26/03/2026 16:49",---,1200143034408,"REEBOK COURT CLEAN",---,"",00019732300704990961,---,1,12.00,"          36.0000",0.00,0.0000,0.00,0.0000,A,""
INVENTARIOS,---,---,INVE-CED-3-3-20260326-000002327,INVE-REF-CED-INV-3-3-20260326-000002326,---,"26/03/2026 16:49",---,1200143034408,"REEBOK COURT CLEAN",---,"",00019732300704990930,---,1,12.00,"          36.0000",0.00,0.0000,0.00,0.0000,A,""
INVENTARIOS,---,---,INVE-CED-3-3-20260326-000002327,INVE-REF-CED-INV-3-3-20260326-000002326,---,"26/03/2026 16:49",---,1200143034408,"REEBOK COURT CLEAN",---,"",00019732300704990893,---,1,12.00,"          36.0000",0.00,0.0000,0.00,0.0000,A,""
INVENTARIOS,---,---,INVE-CED-3-3-20260326-000002327,INVE-REF-CED-INV-3-3-20260326-000002326,---,"26/03/2026 16:49",---,1200143034347,"REEBOK COURT CLEAN",---,"",00019732300704990862,---,1,12.00,"          84.0000",0.00,0.0000,0.00,0.0000,A,""
INVENTARIOS,---,---,INVE-CED-3-3-20260326-000002327,INVE-REF-CED-INV-3-3-20260326-000002326,---,"26/03/2026 16:49",---,1200143034347,"REEBOK COURT CLEAN",---,"",00019732300704990787,---,1,12.00,"          84.0000",0.00,0.0000,0.00,0.0000,A,""
INVENTARIOS,---,---,INVE-CED-3-3-20260326-000002327,INVE-REF-CED-INV-3-3-20260326-000002326,---,"26/03/2026 16:49",---,1200143034347,"REEBOK COURT CLEAN",---,"",00019732300704990763,---,1,12.00,"          84.0000",0.00,0.0000,0.00,0.0000,A,""
INVENTARIOS,---,---,INVE-CED-3-3-20260326-000002327,INVE-REF-CED-INV-3-3-20260326-000002326,---,"26/03/2026 16:49",---,1200143034347,"REEBOK COURT CLEAN",---,"",00019732300704990756,---,1,12.00,"          84.0000",0.00,0.0000,0.00,0.0000,A,""
INVENTARIOS,---,---,INVE-CED-3-3-20260326-000002327,INVE-REF-CED-INV-3-3-20260326-000002326,---,"26/03/2026 16:49",---,1200143034347,"REEBOK COURT CLEAN",---,"",00019732300704990749,---,1,12.00,"          84.0000",0.00,0.0000,0.00,0.0000,A,""
INVENTARIOS,---,---,INVE-CED-3-3-20260326-000002327,INVE-REF-CED-INV-3-3-20260326-000002326,---,"26/03/2026 16:49",---,1200143034347,"REEBOK COURT CLEAN",---,"",00019732300704990725,---,1,12.00,"          84.0000",0.00,0.0000,0.00,0.0000,A,""
INVENTARIOS,---,---,INVE-CED-3-3-20260326-000002326,INVE-REF-CED-INV-3-3-20260326-000002325,---,"26/03/2026 16:47",---,4066749432508,"CLASSIC NYLON",---,"",00019732300705073175,---,1,3.00,"           3.0000",0.00,0.0000,0.00,0.0000,A,""
INVENTARIOS,---,---,INVE-CED-3-3-20260326-000002326,INVE-REF-CED-INV-3-3-20260326-000002325,---,"26/03/2026 16:47",---,4057282035578,"CLUB C 85",---,"",00019732300705082351,---,1,8.00,"           8.0000",0.00,0.0000,0.00,0.0000,A,""
INVENTARIOS,---,---,INVE-CED-3-3-20260326-000002326,INVE-REF-CED-INV-3-3-20260326-000002325,---,"26/03/2026 16:47",---,1200143033821,"REEBOK COURT CLEAN",---,"",00019732300705946912,---,1,10.00,"          10.0000",0.00,0.0000,0.00,0.0000,A,""
INVENTARIOS,---,---,INVE-CED-3-3-20260326-000002326,INVE-REF-CED-INV-3-3-20260326-000002325,---,"26/03/2026 16:47",---,1200161920967,"REEBOK COURT CLEAN HOOK & LOOP STRAPS",---,"",00019732300706197665,---,1,12.00,"          12.0000",0.00,0.0000,0.00,0.0000,A,""
INVENTARIOS,---,---,INVE-CED-3-3-20260326-000002325,INVE-REF-CED-INV-3-3-20260326-000002324,---,"26/03/2026 16:44",---,1200179171733,VERSE,---,"",00019732300706697769,---,1,1.00,"           1.0000",0.00,0.0000,0.00,0.0000,A,""
INVENTARIOS,---,---,INVE-CED-3-3-20260326-000002324,INVE-REF-CED-INV-3-3-20260326-000002323,---,"26/03/2026 16:43",---,1200179172235,"FLIP CHARGE",---,"",00019732300706587503,---,1,1.00,"           3.0000",0.00,0.0000,0.00,0.0000,A,""
INVENTARIOS,---,---,INVE-CED-3-3-20260326-000002324,INVE-REF-CED-INV-3-3-20260326-000002323,---,"26/03/2026 16:43",---,1200179172235,"FLIP CHARGE",---,"",00019732300706587541,---,1,2.00,"           3.0000",0.00,0.0000,0.00,0.0000,A,""
INVENTARIOS,---,---,INVE-CED-3-3-20260326-000002323,INVE-REF-CED-INV-3-3-20260326-000002322,---,"26/03/2026 16:42",---,1200179089526,"REEBOK BB 1000",---,"",00019732300704739594,---,1,12.00,"          12.0000",0.00,0.0000,0.00,0.0000,A,""
INVENTARIOS,---,---,INVE-CED-3-3-20260326-000002323,INVE-REF-CED-INV-3-3-20260326-000002322,---,"26/03/2026 16:42",---,1200161920943,"REEBOK COURT CLEAN HOOK & LOOP STRAPS",---,"",00019732300706196903,---,1,12.00,"          12.0000",0.00,0.0000,0.00,0.0000,A,""
INVENTARIOS,---,---,INVE-CED-3-3-20260326-000002321,INVE-REF-CED-INV-3-3-20260326-000002320,---,"26/03/2026 16:39",---,4056561020939,"CLUB C 85",---,"",00019732300706043139,---,1,12.00,"          23.0000",0.00,0.0000,0.00,0.0000,A,""
INVENTARIOS,---,---,INVE-CED-3-3-20260326-000002321,INVE-REF-CED-INV-3-3-20260326-000002320,---,"26/03/2026 16:39",---,4056561025170,"CLUB C 85",---,"",00019732300706042873,---,1,12.00,"          26.0000",0.00,0.0000,0.00,0.0000,A,""
INVENTARIOS,---,---,INVE-CED-3-3-20260326-000002321,INVE-REF-CED-INV-3-3-20260326-000002320,---,"26/03/2026 16:39",---,4056561025170,"CLUB C 85",---,"",00019732300706042866,---,1,12.00,"          26.0000",0.00,0.0000,0.00,0.0000,A,""
INVENTARIOS,---,---,INVE-CED-3-3-20260326-000002321,INVE-REF-CED-INV-3-3-20260326-000002320,---,"26/03/2026 16:39",---,4056561025170,"CLUB C 85",---,"",00019732300706042859,---,1,2.00,"          26.0000",0.00,0.0000,0.00,0.0000,A,""
INVENTARIOS,---,---,INVE-CED-3-3-20260326-000002321,INVE-REF-CED-INV-3-3-20260326-000002320,---,"26/03/2026 16:39",---,4056561025149,"CLUB C 85",---,"",00019732300706043252,---,1,5.00,"          17.0000",0.00,0.0000,0.00,0.0000,A,""
INVENTARIOS,---,---,INVE-CED-3-3-20260326-000002321,INVE-REF-CED-INV-3-3-20260326-000002320,---,"26/03/2026 16:39",---,4056561025149,"CLUB C 85",---,"",00019732300706043115,---,1,12.00,"          17.0000",0.00,0.0000,0.00,0.0000,A,""
INVENTARIOS,---,---,INVE-CED-3-3-20260326-000002321,INVE-REF-CED-INV-3-3-20260326-000002320,---,"26/03/2026 16:39",---,4056561025101,"CLUB C 85",---,"",00019732300706043153,---,1,7.00,"           7.0000",0.00,0.0000,0.00,0.0000,A,""
INVENTARIOS,---,---,INVE-CED-3-3-20260326-000002321,INVE-REF-CED-INV-3-3-20260326-000002320,---,"26/03/2026 16:39",---,4056561021035,"CLUB C 85",---,"",00019732300706043221,---,1,11.00,"          11.0000",0.00,0.0000,0.00,0.0000,A,""
INVENTARIOS,---,---,INVE-CED-3-3-20260326-000002321,INVE-REF-CED-INV-3-3-20260326-000002320,---,"26/03/2026 16:39",---,4056561020939,"CLUB C 85",---,"",00019732300706043269,---,1,11.00,"          23.0000",0.00,0.0000,0.00,0.0000,A,""
INVENTARIOS,---,---,INVE-CED-3-3-20260326-000002320,INVE-REF-CED-INV-3-3-20260326-000002319,---,"26/03/2026 16:37",---,1200143069196,"CLASSIC LEATHER SP",---,"",C30838533659,---,1,2.00,"           2.0000",0.00,0.0000,0.00,0.0000,A,""
INVENTARIOS,---,---,INVE-CED-3-3-20260326-000002320,INVE-REF-CED-INV-3-3-20260326-000002319,---,"26/03/2026 16:37",---,1200161964008,"REEBOK COURT CLEAN",---,"",00019732300705975011,---,1,12.00,"          12.0000",0.00,0.0000,0.00,0.0000,A,""
INVENTARIOS,---,---,INVE-CED-3-3-20260326-000002320,INVE-REF-CED-INV-3-3-20260326-000002319,---,"26/03/2026 16:37",---,4066756317911,"REEBOK GLIDE RIPPLE CLIP",---,"",C30838533659,---,1,1.00,"           1.0000",0.00,0.0000,0.00,0.0000,A,""
INVENTARIOS,---,---,INVE-CED-3-3-20260326-000002319,INVE-REF-CED-INV-3-3-20260326-000002318,---,"26/03/2026 16:34",---,4065419284898,"CLUB C DOUBLE",---,"",00019732300706100221,---,1,4.00,"           4.0000",0.00,0.0000,0.00,0.0000,A,""
INVENTARIOS,---,---,INVE-CED-3-3-20260326-000002319,INVE-REF-CED-INV-3-3-20260326-000002318,---,"26/03/2026 16:34",---,1200161408830,"CLUB C REVENGE",---,"",00019732300705085451,---,1,9.00,"           9.0000",0.00,0.0000,0.00,0.0000,A,""
INVENTARIOS,---,---,INVE-CED-3-3-20260326-000002319,INVE-REF-CED-INV-3-3-20260326-000002318,---,"26/03/2026 16:34",---,1200179172228,"FLIP CHARGE",---,"",00019732300706587473,---,1,10.00,"          10.0000",0.00,0.0000,0.00,0.0000,A,""
INVENTARIOS,---,---,INVE-CED-3-3-20260326-000002319,INVE-REF-CED-INV-3-3-20260326-000002318,---,"26/03/2026 16:34",---,1200161961816,"FLOATZIG 1",---,"",00019732300706483263,---,1,12.00,"          24.0000",0.00,0.0000,0.00,0.0000,A,""
INVENTARIOS,---,---,INVE-CED-3-3-20260326-000002319,INVE-REF-CED-INV-3-3-20260326-000002318,---,"26/03/2026 16:34",---,1200161961816,"FLOATZIG 1",---,"",00019732300706483249,---,1,12.00,"          24.0000",0.00,0.0000,0.00,0.0000,A,""
INVENTARIOS,---,---,INVE-CED-3-3-20260326-000002319,INVE-REF-CED-INV-3-3-20260326-000002318,---,"26/03/2026 16:34",---,1200161025310,"REEBOK BB 1000",---,"",00019732300707621893,---,1,3.00,"           3.0000",0.00,0.0000,0.00,0.0000,A,""
INVENTARIOS,---,---,INVE-CED-3-3-20260326-000002319,INVE-REF-CED-INV-3-3-20260326-000002318,---,"26/03/2026 16:34",---,1200143033821,"REEBOK COURT CLEAN",---,"",00019732300702013099,---,1,12.00,"          12.0000",0.00,0.0000,0.00,0.0000,A,""
INVENTARIOS,---,---,INVE-CED-3-3-20260326-000002319,INVE-REF-CED-INV-3-3-20260326-000002318,---,"26/03/2026 16:34",---,1200161961847,"REEBOK FINALE",---,"",00019732300706484130,---,1,6.00,"          54.0000",0.00,0.0000,0.00,0.0000,A,""
INVENTARIOS,---,---,INVE-CED-3-3-20260326-000002319,INVE-REF-CED-INV-3-3-20260326-000002318,---,"26/03/2026 16:34",---,1200161961847,"REEBOK FINALE",---,"",00019732300706484123,---,1,12.00,"          54.0000",0.00,0.0000,0.00,0.0000,A,""
INVENTARIOS,---,---,INVE-CED-3-3-20260326-000002319,INVE-REF-CED-INV-3-3-20260326-000002318,---,"26/03/2026 16:34",---,1200161961847,"REEBOK FINALE",---,"",00019732300706484055,---,1,12.00,"          54.0000",0.00,0.0000,0.00,0.0000,A,""
INVENTARIOS,---,---,INVE-CED-3-3-20260326-000002319,INVE-REF-CED-INV-3-3-20260326-000002318,---,"26/03/2026 16:34",---,1200161961847,"REEBOK FINALE",---,"",00019732300706484444,---,1,12.00,"          54.0000",0.00,0.0000,0.00,0.0000,A,""
INVENTARIOS,---,---,INVE-CED-3-3-20260326-000002319,INVE-REF-CED-INV-3-3-20260326-000002318,---,"26/03/2026 16:34",---,1200161961847,"REEBOK FINALE",---,"",00019732300706484468,---,1,12.00,"          54.0000",0.00,0.0000,0.00,0.0000,A,""
INVENTARIOS,---,---,INVE-CED-3-3-20260326-000002319,INVE-REF-CED-INV-3-3-20260326-000002318,---,"26/03/2026 16:34",---,1200161961885,"REEBOK FINALE",---,"",00019732300706485878,---,1,12.00,"          24.0000",0.00,0.0000,0.00,0.0000,A,""
INVENTARIOS,---,---,INVE-CED-3-3-20260326-000002319,INVE-REF-CED-INV-3-3-20260326-000002318,---,"26/03/2026 16:34",---,1200161961885,"REEBOK FINALE",---,"",00019732300706486080,---,1,12.00,"          24.0000",0.00,0.0000,0.00,0.0000,A,""
INVENTARIOS,---,---,INVE-CED-3-3-20260326-000002318,INVE-REF-CED-INV-3-3-20260326-000002317,---,"26/03/2026 16:32",---,1200161432019,"CL NYLON",---,"",00019732300705274176,---,1,1.00,"          13.0000",0.00,0.0000,0.00,0.0000,A,""
INVENTARIOS,---,---,INVE-CED-3-3-20260326-000002318,INVE-REF-CED-INV-3-3-20260326-000002317,---,"26/03/2026 16:32",---,1200161432057,"CL NYLON",---,"",00019732300705274336,---,1,6.00,"           6.0000",0.00,0.0000,0.00,0.0000,A,""
INVENTARIOS,---,---,INVE-CED-3-3-20260326-000002318,INVE-REF-CED-INV-3-3-20260326-000002317,---,"26/03/2026 16:32",---,1200161432040,"CL NYLON",---,"",00019732300705274329,---,1,2.00,"           2.0000",0.00,0.0000,0.00,0.0000,A,""
INVENTARIOS,---,---,INVE-CED-3-3-20260326-000002318,INVE-REF-CED-INV-3-3-20260326-000002317,---,"26/03/2026 16:32",---,1200161432033,"CL NYLON",---,"",00019732300705274275,---,1,12.00,"          12.0000",0.00,0.0000,0.00,0.0000,A,""
INVENTARIOS,---,---,INVE-CED-3-3-20260326-000002318,INVE-REF-CED-INV-3-3-20260326-000002317,---,"26/03/2026 16:32",---,1200161432019,"CL NYLON",---,"",00019732300705274190,---,1,12.00,"          13.0000",0.00,0.0000,0.00,0.0000,A,""
INVENTARIOS,---,---,INVE-CED-3-3-20260326-000002317,INVE-REF-CED-INV-3-3-20260326-000002316,---,"26/03/2026 16:30",---,1200161432033,"CL NYLON",---,"",00019732300705274220,---,1,12.00,"          12.0000",0.00,0.0000,0.00,0.0000,A,""
INVENTARIOS,---,---,INVE-CED-3-3-20260326-000002317,INVE-REF-CED-INV-3-3-20260326-000002316,---,"26/03/2026 16:30",---,1200179089526,"REEBOK BB 1000",---,"",00019732300704639594,---,1,12.00,"          12.0000",0.00,0.0000,0.00,0.0000,A,""
INVENTARIOS,---,---,INVE-CED-3-3-20260326-000002317,INVE-REF-CED-INV-3-3-20260326-000002316,---,"26/03/2026 16:30",---,1200143039427,"REEBOK COURT CLEAN",---,"",00019732300705949692,---,1,3.00,"           3.0000",0.00,0.0000,0.00,0.0000,A,""
INVENTARIOS,---,---,INVE-CED-3-3-20260326-000002317,INVE-REF-CED-INV-3-3-20260326-000002316,---,"26/03/2026 16:30",---,1200179365828,"REEBOK COURT CLEAN",---,"",00019732300707757394,---,1,12.00,"          12.0000",0.00,0.0000,0.00,0.0000,A,""
INVENTARIOS,---,---,INVE-CED-3-3-20260326-000002317,INVE-REF-CED-INV-3-3-20260326-000002316,---,"26/03/2026 16:30",---,1200179366283,"REEBOK COURT CLEAN",---,"",00019732300707752986,---,1,12.00,"          12.0000",0.00,0.0000,0.00,0.0000,A,""
INVENTARIOS,---,---,INVE-CED-3-3-20260326-000002317,INVE-REF-CED-INV-3-3-20260326-000002316,---,"26/03/2026 16:30",---,1200161920943,"REEBOK COURT CLEAN HOOK & LOOP STRAPS",---,"",00019732300706197221,---,1,12.00,"          84.0000",0.00,0.0000,0.00,0.0000,A,""
INVENTARIOS,---,---,INVE-CED-3-3-20260326-000002317,INVE-REF-CED-INV-3-3-20260326-000002316,---,"26/03/2026 16:30",---,1200161920943,"REEBOK COURT CLEAN HOOK & LOOP STRAPS",---,"",00019732300706197146,---,1,12.00,"          84.0000",0.00,0.0000,0.00,0.0000,A,""
INVENTARIOS,---,---,INVE-CED-3-3-20260326-000002317,INVE-REF-CED-INV-3-3-20260326-000002316,---,"26/03/2026 16:30",---,1200161920943,"REEBOK COURT CLEAN HOOK & LOOP STRAPS",---,"",00019732300706197139,---,1,12.00,"          84.0000",0.00,0.0000,0.00,0.0000,A,""
INVENTARIOS,---,---,INVE-CED-3-3-20260326-000002317,INVE-REF-CED-INV-3-3-20260326-000002316,---,"26/03/2026 16:30",---,1200161920943,"REEBOK COURT CLEAN HOOK & LOOP STRAPS",---,"",00019732300706197016,---,1,12.00,"          84.0000",0.00,0.0000,0.00,0.0000,A,""
INVENTARIOS,---,---,INVE-CED-3-3-20260326-000002317,INVE-REF-CED-INV-3-3-20260326-000002316,---,"26/03/2026 16:30",---,1200161920943,"REEBOK COURT CLEAN HOOK & LOOP STRAPS",---,"",00019732300706196866,---,1,12.00,"          84.0000",0.00,0.0000,0.00,0.0000,A,""
INVENTARIOS,---,---,INVE-CED-3-3-20260326-000002317,INVE-REF-CED-INV-3-3-20260326-000002316,---,"26/03/2026 16:30",---,1200161920929,"REEBOK COURT CLEAN HOOK & LOOP STRAPS",---,"",00019732300706196484,---,1,12.00,"          12.0000",0.00,0.0000,0.00,0.0000,A,""
INVENTARIOS,---,---,INVE-CED-3-3-20260326-000002317,INVE-REF-CED-INV-3-3-20260326-000002316,---,"26/03/2026 16:30",---,1200161920943,"REEBOK COURT CLEAN HOOK & LOOP STRAPS",---,"",90150197324018320001230001849841,---,1,12.00,"          84.0000",0.00,0.0000,0.00,0.0000,A,""
INVENTARIOS,---,---,INVE-CED-3-3-20260326-000002317,INVE-REF-CED-INV-3-3-20260326-000002316,---,"26/03/2026 16:30",---,1200161920943,"REEBOK COURT CLEAN HOOK & LOOP STRAPS",---,"",00019732300706197269,---,1,12.00,"          84.0000",0.00,0.0000,0.00,0.0000,A,""
INVENTARIOS,---,---,INVE-CED-3-3-20260326-000002316,INVE-REF-CED-INV-3-3-20260326-000002315,---,"26/03/2026 16:26",---,1200179831699,"REEBOK BB 1000",118890,"",00019732300707378315,---,1,3.00,"           3.0000",0.00,0.0000,0.00,0.0000,A,""
INVENTARIOS,---,---,INVE-CED-3-3-20260326-000002315,INVE-REF-CED-INV-3-3-20260326-000002314,---,"26/03/2026 16:25",---,1200179831675,"REEBOK BB 1000",119510,"",00019732300707378209,---,1,4.00,"           9.0000",0.00,0.0000,0.00,0.0000,A,""
INVENTARIOS,---,---,INVE-CED-3-3-20260326-000002315,INVE-REF-CED-INV-3-3-20260326-000002314,---,"26/03/2026 16:25",---,1200179831699,"REEBOK BB 1000",119510,"",00019732300707378292,---,1,2.00,"           2.0000",0.00,0.0000,0.00,0.0000,A,""
INVENTARIOS,---,---,INVE-CED-3-3-20260326-000002315,INVE-REF-CED-INV-3-3-20260326-000002314,---,"26/03/2026 16:25",---,1200179831682,"REEBOK BB 1000",119510,"",00019732300707378247,---,1,3.00,"           3.0000",0.00,0.0000,0.00,0.0000,A,""
INVENTARIOS,---,---,INVE-CED-3-3-20260326-000002315,INVE-REF-CED-INV-3-3-20260326-000002314,---,"26/03/2026 16:25",---,1200179831675,"REEBOK BB 1000",119510,"",00019732300707378230,---,1,5.00,"           9.0000",0.00,0.0000,0.00,0.0000,A,""
INVENTARIOS,---,---,INVE-CED-3-3-20260326-000002314,INVE-REF-CED-INV-3-3-20260326-000002313,---,"26/03/2026 16:23",---,1200161895173,"REEBOK ROAD STRIDER",135500,"",C00538549706,---,1,2.00,"           2.0000",0.00,0.0000,0.00,0.0000,A,""
INVENTARIOS,---,---,INVE-CED-3-3-20260326-000002314,INVE-REF-CED-INV-3-3-20260326-000002313,---,"26/03/2026 16:23",---,1200179877062,VERSE,135500,"",C00538549706,---,1,2.00,"           2.0000",0.00,0.0000,0.00,0.0000,A,""
INVENTARIOS,---,---,INVE-CED-3-3-20260325-000002312,INVE-REF-CED-INV-3-3-20260325-000002311,---,"25/03/2026 11:39",---,1200143718964,"LAVANTE TRAIL 2",135430,"",C02138551205,---,1,2.00,"           2.0000",0.00,0.0000,0.00,0.0000,A,""
INVENTARIOS,---,---,INVE-CED-3-3-20260325-000002312,INVE-REF-CED-INV-3-3-20260325-000002311,---,"25/03/2026 11:39",---,1200143038918,"REEBOK COURT CLEAN",135430,"",C00538549721,---,1,3.00,"           3.0000",0.00,0.0000,0.00,0.0000,A,""
INVENTARIOS,---,---,INVE-CED-3-3-20260325-000002312,INVE-REF-CED-INV-3-3-20260325-000002311,---,"25/03/2026 11:39",---,1200179366306,"REEBOK COURT CLEAN",135430,"",C00538549723,---,1,6.00,"           6.0000",0.00,0.0000,0.00,0.0000,A,""
INVENTARIOS,---,---,INVE-CED-3-3-20260325-000002312,INVE-REF-CED-INV-3-3-20260325-000002311,---,"25/03/2026 11:39",---,1200179366290,"REEBOK COURT CLEAN",135430,"",C00538549726,---,1,5.00,"           5.0000",0.00,0.0000,0.00,0.0000,A,""
INVENTARIOS,---,---,INVE-CED-3-3-20260325-000002312,INVE-REF-CED-INV-3-3-20260325-000002311,---,"25/03/2026 11:39",---,1200161262975,"REEBOK GLIDE",135430,"",C02138551197,---,1,4.00,"           4.0000",0.00,0.0000,0.00,0.0000,A,""
INVENTARIOS,---,---,INVE-CED-3-3-20260325-000002312,INVE-REF-CED-INV-3-3-20260325-000002311,---,"25/03/2026 11:39",---,1200161895128,"REEBOK ROAD STRIDER",135430,"",C02138551198,---,1,5.00,"           5.0000",0.00,0.0000,0.00,0.0000,A,""
INVENTARIOS,---,---,INVE-CED-3-3-20260324-000002300,INVE-REF-CED-INV-3-3-20260324-000002299,---,"24/03/2026 19:09",---,197324034528,"PHASE COURT",131050,"",00019732300706211477,---,1,6.00,"           6.0000",0.00,0.0000,0.00,0.0000,A,""
INVENTARIOS,---,---,INVE-CED-3-3-20260324-000002298,INVE-REF-CED-INV-3-3-20260324-000002297,---,"24/03/2026 18:16",---,1200143688915,"BB 4000 II MID",---,"",C30738531948,---,1,3.00,"           3.0000",0.00,0.0000,0.00,0.0000,A,""
INVENTARIOS,---,---,INVE-CED-3-3-20260324-000002298,INVE-REF-CED-INV-3-3-20260324-000002297,---,"24/03/2026 18:16",---,4066755269396,"NFX TRAINER",131100,"",C30738531949,---,1,5.00,"           5.0000",0.00,0.0000,0.00,0.0000,A,""
INVENTARIOS,---,---,INVE-CED-3-3-20260324-000002298,INVE-REF-CED-INV-3-3-20260324-000002297,---,"24/03/2026 18:16",---,4055343426051,"NPC II SYN",---,"",C30738531941,---,1,1.00,"           1.0000",0.00,0.0000,0.00,0.0000,A,""
INVENTARIOS,---,---,INVE-CED-3-3-20260324-000002298,INVE-REF-CED-INV-3-3-20260324-000002297,---,"24/03/2026 18:16",---,4064053717335,"REEBOK CLASSIC SLID",---,"",C30738531941,---,1,4.00,"           4.0000",0.00,0.0000,0.00,0.0000,A,""
INVENTARIOS,---,---,INVE-CED-3-3-20260324-000002298,INVE-REF-CED-INV-3-3-20260324-000002297,---,"24/03/2026 18:16",---,1200143241752,"REEBOK COURT ADVANCE",---,"",C30738531948,---,1,1.00,"           1.0000",0.00,0.0000,0.00,0.0000,A,""
INVENTARIOS,---,---,INVE-CED-3-3-20260324-000002298,INVE-REF-CED-INV-3-3-20260324-000002297,---,"24/03/2026 18:16",---,1200143245101,"REEBOK COURT ADVANCE VEGAN",131100,"",C30738531944,---,1,10.00,"          10.0000",0.00,0.0000,0.00,0.0000,A,""
INVENTARIOS,---,---,INVE-CED-3-3-20260324-000002298,INVE-REF-CED-INV-3-3-20260324-000002297,---,"24/03/2026 18:16",---,1200143031117,"REEBOK COURT CLEAN",---,"",C30738531948,---,1,3.00,"           3.0000",0.00,0.0000,0.00,0.0000,A,""
INVENTARIOS,---,---,INVE-CED-3-3-20260324-000002298,INVE-REF-CED-INV-3-3-20260324-000002297,---,"24/03/2026 18:16",---,1200143197417,"REEBOK ULTRA FLASH",---,"",C30738531948,---,1,1.00,"           1.0000",0.00,0.0000,0.00,0.0000,A,""
INVENTARIOS,---,---,INVE-CED-3-3-20260324-000002297,INVE-REF-CED-INV-3-3-20260324-000002296,---,"24/03/2026 18:03",---,1200179064974,"REEBOK PRIME CLUB",131120,"",C30738531908,---,1,12.00,"          12.0000",0.00,0.0000,0.00,0.0000,A,""
INVENTARIOS,---,---,INVE-CED-3-3-20260324-000002297,INVE-REF-CED-INV-3-3-20260324-000002296,---,"24/03/2026 18:03",---,1200161271731,"REEBOK ROAD PRIME",131120,"",00019732300704684761,---,1,5.00,"           5.0000",0.00,0.0000,0.00,0.0000,A,""
INVENTARIOS,---,---,INVE-CED-3-3-20260324-000002245,INVE-REF-CED-INV-3-3-20260324-000002244,---,"24/03/2026 17:57",---,4065422063664,"CL LTHR",131120,"",C30738532031,---,1,1.00,"           1.0000",0.00,0.0000,0.00,0.0000,A,""
INVENTARIOS,---,---,INVE-CED-3-3-20260324-000002245,INVE-REF-CED-INV-3-3-20260324-000002244,---,"24/03/2026 17:57",---,4062053373094,"REEBOK ROYAL COMPLETE CLN2",131120,"",C30738532031,---,1,1.00,"           1.0000",0.00,0.0000,0.00,0.0000,A,""
INVENTARIOS,---,---,INVE-CED-3-3-20260324-000002245,INVE-REF-CED-INV-3-3-20260324-000002244,---,"24/03/2026 17:57",---,1200143250570,"REEBOK ROYAL PRIME 2.0",131120,"",C30738532031,---,1,1.00,"           1.0000",0.00,0.0000,0.00,0.0000,A,""
INVENTARIOS,---,---,INVE-CED-3-3-20260324-000002294,INVE-REF-CED-INV-3-3-20260324-000002293,---,"24/03/2026 17:31",---,4061617834835,"CLUB C 85 VINTAGE",131150,"",C30738531402,---,1,1.00,"           1.0000",0.00,0.0000,0.00,0.0000,A,""
INVENTARIOS,---,---,INVE-CED-3-3-20260324-000002293,INVE-REF-CED-INV-3-3-20260324-000002292,---,"24/03/2026 17:20",---,1200161744594,"REEBOK ROAD STRIDER",131140,"",qC30838532342,---,1,2.00,"           2.0000",0.00,0.0000,0.00,0.0000,A,""
INVENTARIOS,---,---,INVE-CED-3-3-20260324-000002292,INVE-REF-CED-INV-3-3-20260324-000002291,---,"24/03/2026 16:56",---,4066748764143,"REEBOK COURT ADVANCE",135320,"",C01438550988,---,1,3.00,"           3.0000",0.00,0.0000,0.00,0.0000,A,""
INVENTARIOS,---,---,INVE-CED-3-3-20260324-000002292,INVE-REF-CED-INV-3-3-20260324-000002291,---,"24/03/2026 16:56",---,4066748764082,"REEBOK COURT ADVANCE",135320,"",C01438550988,---,1,4.00,"           4.0000",0.00,0.0000,0.00,0.0000,A,""
INVENTARIOS,---,---,INVE-CED-3-3-20260324-000002279,INVE-REF-CED-INV-3-3-20260324-000002278,---,"24/03/2026 12:55",---,1200175094760,"REEBOK COURT CLEAN",---,"",00019732300704900168,---,1,12.00,"          12.0000",0.00,0.0000,0.00,0.0000,A,""
INVENTARIOS,---,---,INVE-CED-3-3-20260324-000002274,INVE-REF-CED-INV-3-3-20260324-000002273,---,"24/03/2026 11:39",---,1200175094142,"NPC II",131090,"",00019732300704949662,---,1,12.00,"          36.0000",0.00,0.0000,0.00,0.0000,A,""
INVENTARIOS,---,---,INVE-CED-3-3-20260324-000002274,INVE-REF-CED-INV-3-3-20260324-000002273,---,"24/03/2026 11:39",---,1200175094142,"NPC II",131090,"",00019732300704949617,---,1,12.00,"          36.0000",0.00,0.0000,0.00,0.0000,A,""
INVENTARIOS,---,---,INVE-CED-3-3-20260324-000002274,INVE-REF-CED-INV-3-3-20260324-000002273,---,"24/03/2026 11:39",---,1200175094142,"NPC II",131090,"",00019732300704949594,---,1,12.00,"          36.0000",0.00,0.0000,0.00,0.0000,A,""
INVENTARIOS,---,---,INVE-CED-3-3-20260324-000002274,INVE-REF-CED-INV-3-3-20260324-000002273,---,"24/03/2026 11:39",---,1200143034194,"REEBOK COURT CLEAN",131090,"",00019732300704878269,---,1,12.00,"          12.0000",0.00,0.0000,0.00,0.0000,A,""
INVENTARIOS,---,---,INVE-CED-3-3-20260324-000002275,INVE-REF-CED-INV-3-3-20260324-000002274,---,"24/03/2026 06:03",---,1200161310058,"ENERGEN TECH 2",135340,"",00019732300704217730,---,1,12.00,"          12.0000",0.00,0.0000,0.00,0.0000,A,""
INVENTARIOS,---,---,INVE-CED-3-3-20260324-000002272,INVE-REF-CED-INV-3-3-20260324-000002271,---,"24/03/2026 05:56",---,1200179330178,"ZIG DYNAMICA 6",126500,"",90150198806498821001230002499181,---,1,10.00,"          10.0000",0.00,0.0000,0.00,0.0000,A,""
INVENTARIOS,---,---,INVE-CED-3-3-20260324-000002257,INVE-REF-CED-INV-3-3-20260324-000002256,---,"24/03/2026 05:44",---,4057291421201,"CLUB C 85",135320,"",00019732300705417399,---,1,2.00,"           2.0000",0.00,0.0000,0.00,0.0000,A,""
INVENTARIOS,---,---,INVE-CED-3-3-20260324-000002257,INVE-REF-CED-INV-3-3-20260324-000002256,---,"24/03/2026 05:44",---,4066748764082,"REEBOK COURT ADVANCE",---,"",4066748764082,---,1,7.00,"           7.0000",0.00,0.0000,0.00,0.0000,A,""
INVENTARIOS,---,---,INVE-CED-3-3-20260324-000002257,INVE-REF-CED-INV-3-3-20260324-000002256,---,"24/03/2026 05:44",---,1200143038918,"REEBOK COURT CLEAN",135320,"",C01438550987,---,1,3.00,"           3.0000",0.00,0.0000,0.00,0.0000,A,""
INVENTARIOS,---,---,INVE-CED-3-3-20260324-000002257,INVE-REF-CED-INV-3-3-20260324-000002256,---,"24/03/2026 05:44",---,1200179652621,"REEBOK ROYAL PRIME MID 2.0",135320,"",C01438550987,---,1,3.00,"           3.0000",0.00,0.0000,0.00,0.0000,A,""
INVENTARIOS,---,---,INVE-CED-3-3-20260324-000002257,INVE-REF-CED-INV-3-3-20260324-000002256,---,"24/03/2026 05:44",---,1200179652645,"REEBOK ROYAL PRIME MID 2.0",135320,"",C01438550987,---,1,4.00,"           4.0000",0.00,0.0000,0.00,0.0000,A,""
INVENTARIOS,---,---,INVE-CED-3-3-20260324-000002244,INVE-REF-CED-INV-3-3-20260324-000002243,---,"24/03/2026 05:17",---,1200161865459,"CLASSIC AZ",131550,"",00019732300706071712,---,1,11.00,"          11.0000",0.00,0.0000,0.00,0.0000,A,""
INVENTARIOS,---,---,INVE-CED-3-3-20260324-000002243,INVE-REF-CED-INV-3-3-20260324-000002242,---,"24/03/2026 05:14",---,1200161258190,"CLUB C 85 VINTAGE",131070,"",00019732300705031458,---,1,12.00,"          12.0000",0.00,0.0000,0.00,0.0000,A,""
INVENTARIOS,---,---,INVE-CED-3-3-20260324-000002243,INVE-REF-CED-INV-3-3-20260324-000002242,---,"24/03/2026 05:14",---,1200143033692,"REEBOK COURT CLEAN",131070,"",00019732300704093662,---,1,12.00,"          12.0000",0.00,0.0000,0.00,0.0000,A,""
INVENTARIOS,---,---,INVE-CED-3-3-20260324-000002238,INVE-REF-CED-INV-3-3-20260324-000002237,---,"24/03/2026 05:12",---,1200179652669,"REEBOK ROYAL PRIME MID 2.0",135470,"",C02138551207,---,1,1.00,"           1.0000",0.00,0.0000,0.00,0.0000,A,""
INVENTARIOS,---,---,INVE-CED-3-3-20260324-000002238,INVE-REF-CED-INV-3-3-20260324-000002237,---,"24/03/2026 05:12",---,1200179652584,"REEBOK ROYAL PRIME MID 2.0",---,"",C02138551207,---,1,1.00,"           1.0000",0.00,0.0000,0.00,0.0000,A,""
INVENTARIOS,---,---,INVE-CED-3-3-20260324-000002238,INVE-REF-CED-INV-3-3-20260324-000002237,---,"24/03/2026 05:12",---,1200179174598,"REEBOK WORLD 70",135470,"",C02138551207,---,1,2.00,"           2.0000",0.00,0.0000,0.00,0.0000,A,""
INVENTARIOS,---,---,INVE-CED-3-3-20260324-000002237,INVE-REF-CED-INV-3-3-20260324-000002236,---,"24/03/2026 05:11",---,4066749401726,"CLASSIC NYLON",130950,"",00019732300705064272,---,1,12.00,"          12.0000",0.00,0.0000,0.00,0.0000,A,""
INVENTARIOS,---,---,INVE-CED-3-3-20260324-000002237,INVE-REF-CED-INV-3-3-20260324-000002236,---,"24/03/2026 05:11",---,1200161258114,"CLUB C 85 VINTAGE",130950,"",00019732300705030239,---,1,12.00,"          12.0000",0.00,0.0000,0.00,0.0000,A,""
INVENTARIOS,---,---,INVE-CED-3-3-20260324-000002237,INVE-REF-CED-INV-3-3-20260324-000002236,---,"24/03/2026 05:11",---,1200161615627,"FLOATZIG 1",130950,"",00019732300705369445,---,1,3.00,"           3.0000",0.00,0.0000,0.00,0.0000,A,""
INVENTARIOS,---,---,INVE-CED-3-3-20260324-000002234,INVE-REF-CED-INV-3-3-20260324-000002233,---,"24/03/2026 05:06",---,4066748680993,"COURT PEAK",135480,"",C00538549705,---,1,1.00,"           1.0000",0.00,0.0000,0.00,0.0000,A,""
INVENTARIOS,---,---,INVE-CED-3-3-20260324-000002234,INVE-REF-CED-INV-3-3-20260324-000002233,---,"24/03/2026 05:06",---,1200179092564,"REEBOK BB 1000",135480,"",C00538549704,---,1,1.00,"           1.0000",0.00,0.0000,0.00,0.0000,A,""
INVENTARIOS,---,---,INVE-CED-3-3-20260324-000002234,INVE-REF-CED-INV-3-3-20260324-000002233,---,"24/03/2026 05:06",---,1200179366245,"REEBOK COURT CLEAN",135480,"",C00538549714,---,1,1.00,"           2.0000",0.00,0.0000,0.00,0.0000,A,""
INVENTARIOS,---,---,INVE-CED-3-3-20260324-000002234,INVE-REF-CED-INV-3-3-20260324-000002233,---,"24/03/2026 05:06",---,1200179366245,"REEBOK COURT CLEAN",135480,"",C00538549713,---,1,1.00,"           2.0000",0.00,0.0000,0.00,0.0000,A,""
INVENTARIOS,---,---,INVE-CED-3-3-20260324-000002234,INVE-REF-CED-INV-3-3-20260324-000002233,---,"24/03/2026 05:06",---,1200179698278,"REEBOK WORLD 70",135480,"",C00538549711,---,1,1.00,"           1.0000",0.00,0.0000,0.00,0.0000,A,""
INVENTARIOS,---,---,INVE-CED-3-3-20260324-000002234,INVE-REF-CED-INV-3-3-20260324-000002233,---,"24/03/2026 05:06",---,1200179698254,"REEBOK WORLD 70",135480,"",C00538549712,---,1,1.00,"           1.0000",0.00,0.0000,0.00,0.0000,A,""
INVENTARIOS,---,---,INVE-CED-3-3-20260324-000002233,INVE-REF-CED-INV-3-3-20260324-000002232,---,"24/03/2026 05:06",---,1200161732805,"REEBOK COURT ADVANCE SURGE",130360,"",00019732300704879068,---,1,1.00,"           1.0000",0.00,0.0000,0.00,0.0000,A,""
INVENTARIOS,---,---,INVE-CED-3-3-20260324-000002231,INVE-REF-CED-INV-3-3-20260324-000002230,---,"24/03/2026 05:05",---,1200161302114,"ATR CHILL",---,"",00019732300705859021,---,1,8.00,"           8.0000",0.00,0.0000,0.00,0.0000,A,""
INVENTARIOS,---,---,INVE-CED-3-3-20260324-000002231,INVE-REF-CED-INV-3-3-20260324-000002230,---,"24/03/2026 05:05",---,1200161302077,"ATR CHILL",131530,"",00019732300705858345,---,1,5.00,"           5.0000",0.00,0.0000,0.00,0.0000,A,""
INVENTARIOS,---,---,INVE-CED-3-3-20260324-000002231,INVE-REF-CED-INV-3-3-20260324-000002230,---,"24/03/2026 05:05",---,1200161228414,"FLOATZIG 1",131530,"",00019732300705669590,---,1,12.00,"          12.0000",0.00,0.0000,0.00,0.0000,A,""
INVENTARIOS,---,---,INVE-CED-3-3-20260324-000002231,INVE-REF-CED-INV-3-3-20260324-000002230,---,"24/03/2026 05:05",---,1200161228483,"FLOATZIG 1",131530,"",00019732300705669804,---,1,12.00,"          12.0000",0.00,0.0000,0.00,0.0000,A,""
INVENTARIOS,---,---,INVE-CED-3-3-20260324-000002231,INVE-REF-CED-INV-3-3-20260324-000002230,---,"24/03/2026 05:05",---,1200161228438,"FLOATZIG 1",131530,"",00019732300705669705,---,1,12.00,"          12.0000",0.00,0.0000,0.00,0.0000,A,""
INVENTARIOS,---,---,INVE-CED-3-3-20260324-000002230,INVE-REF-CED-INV-3-3-20260324-000002229,---,"24/03/2026 05:03",---,1200161508844,"ATR CHILL",---,"",C30738531402,---,1,1.00,"           1.0000",0.00,0.0000,0.00,0.0000,A,""
INVENTARIOS,---,---,INVE-CED-3-3-20260324-000002230,INVE-REF-CED-INV-3-3-20260324-000002229,---,"24/03/2026 05:03",---,1200175090014,"CLUB C REVENGE SLIP ON",---,"",C30738531402,---,1,1.00,"           1.0000",0.00,0.0000,0.00,0.0000,A,""
INVENTARIOS,---,---,INVE-CED-3-3-20260324-000002230,INVE-REF-CED-INV-3-3-20260324-000002229,---,"24/03/2026 05:03",---,1200175090052,"CLUB C REVENGE SLIP ON",---,"",C30738531402,---,1,1.00,"           1.0000",0.00,0.0000,0.00,0.0000,A,""
INVENTARIOS,---,---,INVE-CED-3-3-20260324-000002230,INVE-REF-CED-INV-3-3-20260324-000002229,---,"24/03/2026 05:03",---,1200175090038,"CLUB C REVENGE SLIP ON",---,"",C30738531402,---,1,1.00,"           1.0000",0.00,0.0000,0.00,0.0000,A,""
INVENTARIOS,---,---,INVE-CED-3-3-20260324-000002228,INVE-REF-CED-INV-3-3-20260324-000002227,---,"24/03/2026 05:02",---,1200161413377,"CLASSIC MLD",125990,"",00019732300705368073,---,1,6.00,"           6.0000",0.00,0.0000,0.00,0.0000,A,""
INVENTARIOS,---,---,INVE-CED-3-3-20260324-000002212,INVE-REF-CED-INV-3-3-20260324-000002211,---,"24/03/2026 04:41",---,1200143229828,"CLUB C BULC",131130,"",C30438530647,---,1,4.00,"           4.0000",0.00,0.0000,0.00,0.0000,A,""
INVENTARIOS,---,---,INVE-CED-3-3-20260324-000002212,INVE-REF-CED-INV-3-3-20260324-000002211,---,"24/03/2026 04:41",---,1200143052891,"FLOATRIDE ENERGY 5",131130,"",C30438530647,---,1,1.00,"           1.0000",0.00,0.0000,0.00,0.0000,A,""
INVENTARIOS,---,---,INVE-CED-3-3-20260324-000002212,INVE-REF-CED-INV-3-3-20260324-000002211,---,"24/03/2026 04:41",---,1200143052839,"FLOATRIDE ENERGY 5",131130,"",C30438530647,---,1,1.00,"           1.0000",0.00,0.0000,0.00,0.0000,A,""
INVENTARIOS,---,---,INVE-CED-3-3-20260324-000002212,INVE-REF-CED-INV-3-3-20260324-000002211,---,"24/03/2026 04:41",---,1200161015649,"NANO X4",131130,"",C30438530647,---,1,1.00,"           1.0000",0.00,0.0000,0.00,0.0000,A,""
INVENTARIOS,---,---,INVE-CED-3-3-20260324-000002215,INVE-REF-CED-INV-3-3-20260324-000002214,---,"24/03/2026 04:40",---,1200161281884,"ENERGEN RUN",126400,"",00019732300705321269,---,1,12.00,"          12.0000",0.00,0.0000,0.00,0.0000,A,""
INVENTARIOS,---,---,INVE-CED-3-3-20260324-000002213,INVE-REF-CED-INV-3-3-20260324-000002212,---,"24/03/2026 04:32",---,1200161343414,"RBK FULGERE SLIDE",128390,"",00019732300707410695,---,1,2.00,"           2.0000",0.00,0.0000,0.00,0.0000,A,""
INVENTARIOS,---,---,INVE-CED-3-3-20260324-000002213,INVE-REF-CED-INV-3-3-20260324-000002212,---,"24/03/2026 04:32",---,1200179330123,"ZIG DYNAMICA 6",128390,"",00019732300707871007,---,1,4.00,"           4.0000",0.00,0.0000,0.00,0.0000,A,""
INVENTARIOS,---,---,INVE-CED-3-3-20260324-000002209,INVE-REF-CED-INV-3-3-20260324-000002208,---,"24/03/2026 04:31",---,1200143944554,"ATR CHILL",135390,"",C36338546348,---,1,1.00,"           1.0000",0.00,0.0000,0.00,0.0000,A,""
INVENTARIOS,---,---,INVE-CED-3-3-20260324-000002209,INVE-REF-CED-INV-3-3-20260324-000002208,---,"24/03/2026 04:31",---,1200143621943,"CLUB C REVENGE",135390,"",C30838533637,---,1,1.00,"           1.0000",0.00,0.0000,0.00,0.0000,A,""
INVENTARIOS,---,---,INVE-CED-3-3-20260324-000002209,INVE-REF-CED-INV-3-3-20260324-000002208,---,"24/03/2026 04:31",---,4066748677160,"COURT PEAK",135390,"",C36338546348,---,1,1.00,"           1.0000",0.00,0.0000,0.00,0.0000,A,""
INVENTARIOS,---,---,INVE-CED-3-3-20260324-000002209,INVE-REF-CED-INV-3-3-20260324-000002208,---,"24/03/2026 04:31",---,4066756478711,"FLEXAGON ENERGY TR 4",---,"",C36338546348,---,1,1.00,"           1.0000",0.00,0.0000,0.00,0.0000,A,""
INVENTARIOS,---,---,INVE-CED-3-3-20260324-000002209,INVE-REF-CED-INV-3-3-20260324-000002208,---,"24/03/2026 04:31",---,4066748764082,"REEBOK COURT ADVANCE",135390,"",C36338546348,---,1,4.00,"           4.0000",0.00,0.0000,0.00,0.0000,A,""
INVENTARIOS,---,---,INVE-CED-3-3-20260322-000002194,INVE-REF-CED-INV-3-3-20260322-000002193,---,"22/03/2026 15:35",---,1200179365835,"REEBOK COURT CLEAN",119290,"",00019732300707758032,---,1,12.00,"          24.0000",0.00,0.0000,0.00,0.0000,A,""
INVENTARIOS,---,---,INVE-CED-3-3-20260322-000002194,INVE-REF-CED-INV-3-3-20260322-000002193,---,"22/03/2026 15:35",---,1200179365835,"REEBOK COURT CLEAN",119290,"",00019732300707758025,---,1,12.00,"          24.0000",0.00,0.0000,0.00,0.0000,A,""
INVENTARIOS,---,---,INVE-CED-3-3-20260322-000002193,INVE-REF-CED-INV-3-3-20260322-000002192,---,"22/03/2026 15:32",---,1200161243875,"CLUB C REVENGE",118670,"",00019732300705833137,---,1,6.00,"           6.0000",0.00,0.0000,0.00,0.0000,A,""
INVENTARIOS,---,---,INVE-CED-3-3-20260322-000002193,INVE-REF-CED-INV-3-3-20260322-000002192,---,"22/03/2026 15:32",---,1200161950476,"NANO GYM",118670,"",00019732300706621863,---,1,1.00,"           1.0000",0.00,0.0000,0.00,0.0000,A,""
INVENTARIOS,---,---,INVE-CED-3-3-20260322-000002189,INVE-REF-CED-INV-3-3-20260322-000002188,---,"22/03/2026 13:26",---,1200186002358,"REEBOK BB 1000 MID",124040,"",00019732300707489226,---,1,12.00,"          12.0000",0.00,0.0000,0.00,0.0000,A,""
INVENTARIOS,---,---,INVE-CED-3-3-20260322-000002188,INVE-REF-CED-INV-3-3-20260322-000002187,---,"22/03/2026 13:20",---,1200161022050,"REEBOK BB 1000",124720,"",00019732300707493926,---,1,2.00,"           2.0000",0.00,0.0000,0.00,0.0000,A,""
INVENTARIOS,---,---,INVE-CED-3-3-20260322-000002184,INVE-REF-CED-INV-3-3-20260322-000002183,---,"22/03/2026 12:44",---,1200179174567,"REEBOK WORLD 70",123570,"",00019732300706717443,---,1,12.00,"          12.0000",0.00,0.0000,0.00,0.0000,A,""
INVENTARIOS,---,---,INVE-CED-3-3-20260322-000002184,INVE-REF-CED-INV-3-3-20260322-000002183,---,"22/03/2026 12:44",---,1200179174574,"REEBOK WORLD 70",123570,"",00019732300706717573,---,1,12.00,"          36.0000",0.00,0.0000,0.00,0.0000,A,""
INVENTARIOS,---,---,INVE-CED-3-3-20260322-000002184,INVE-REF-CED-INV-3-3-20260322-000002183,---,"22/03/2026 12:44",---,1200179174574,"REEBOK WORLD 70",123570,"",00019732300706717542,---,1,12.00,"          36.0000",0.00,0.0000,0.00,0.0000,A,""
INVENTARIOS,---,---,INVE-CED-3-3-20260322-000002184,INVE-REF-CED-INV-3-3-20260322-000002183,---,"22/03/2026 12:44",---,1200179174574,"REEBOK WORLD 70",123570,"",00019732300706717535,---,1,12.00,"          36.0000",0.00,0.0000,0.00,0.0000,A,""
INVENTARIOS,---,---,INVE-CED-3-3-20260322-000002183,INVE-REF-CED-INV-3-3-20260322-000002182,---,"22/03/2026 12:15",---,1200179174536,"REEBOK WORLD 70",124220,"",00019732300706717696,---,1,2.00,"           2.0000",0.00,0.0000,0.00,0.0000,A,""
INVENTARIOS,---,---,INVE-CED-3-3-20260322-000002179,INVE-REF-CED-INV-3-3-20260322-000002178,---,"22/03/2026 11:50",---,1200179174550,"REEBOK WORLD 70",123580,"",00019732300706717375,---,1,1.00,"           1.0000",0.00,0.0000,0.00,0.0000,A,""
INVENTARIOS,---,---,INVE-CED-3-3-20260322-000002179,INVE-REF-CED-INV-3-3-20260322-000002178,---,"22/03/2026 11:50",---,1200179174536,"REEBOK WORLD 70",123580,"",00019732300706717221,---,1,2.00,"           2.0000",0.00,0.0000,0.00,0.0000,A,""
INVENTARIOS,---,---,INVE-CED-3-3-20260322-000002178,INVE-REF-CED-INV-3-3-20260322-000002177,---,"22/03/2026 10:51",---,1200161024757,"REEBOK BB 1000",124970,"",00019732300707783072,---,1,6.00,"           6.0000",0.00,0.0000,0.00,0.0000,A,""
INVENTARIOS,---,---,INVE-CED-3-3-20260322-000002178,INVE-REF-CED-INV-3-3-20260322-000002177,---,"22/03/2026 10:51",---,1200161024788,"REEBOK BB 1000",124970,"",00019732300707783102,---,1,1.00,"           1.0000",0.00,0.0000,0.00,0.0000,A,""
INVENTARIOS,---,---,INVE-CED-3-3-20260322-000002178,INVE-REF-CED-INV-3-3-20260322-000002177,---,"22/03/2026 10:51",---,1200161024740,"REEBOK BB 1000",124970,"",00019732300707783065,---,1,2.00,"           2.0000",0.00,0.0000,0.00,0.0000,A,""
INVENTARIOS,---,---,INVE-CED-3-3-20260322-000002177,INVE-REF-CED-INV-3-3-20260322-000002176,---,"22/03/2026 10:41",---,1200179693150,"REEBOK BB 1000",124300,"",00019732300707784970,---,1,12.00,"         122.0000",0.00,0.0000,0.00,0.0000,A,""
INVENTARIOS,---,---,INVE-CED-3-3-20260322-000002177,INVE-REF-CED-INV-3-3-20260322-000002176,---,"22/03/2026 10:41",---,1200179693167,"REEBOK BB 1000",124300,"",00019732300707785519,---,1,2.00,"           2.0000",0.00,0.0000,0.00,0.0000,A,""
INVENTARIOS,---,---,INVE-CED-3-3-20260322-000002177,INVE-REF-CED-INV-3-3-20260322-000002176,---,"22/03/2026 10:41",---,1200179693150,"REEBOK BB 1000",124300,"",00019732300707785502,---,1,2.00,"         122.0000",0.00,0.0000,0.00,0.0000,A,""
INVENTARIOS,---,---,INVE-CED-3-3-20260322-000002177,INVE-REF-CED-INV-3-3-20260322-000002176,---,"22/03/2026 10:41",---,1200179693150,"REEBOK BB 1000",124300,"",00019732300707785168,---,1,12.00,"         122.0000",0.00,0.0000,0.00,0.0000,A,""
INVENTARIOS,---,---,INVE-CED-3-3-20260322-000002177,INVE-REF-CED-INV-3-3-20260322-000002176,---,"22/03/2026 10:41",---,1200179693150,"REEBOK BB 1000",124300,"",00019732300707785144,---,1,12.00,"         122.0000",0.00,0.0000,0.00,0.0000,A,""
INVENTARIOS,---,---,INVE-CED-3-3-20260322-000002177,INVE-REF-CED-INV-3-3-20260322-000002176,---,"22/03/2026 10:41",---,1200179693150,"REEBOK BB 1000",124300,"",00019732300707785137,---,1,12.00,"         122.0000",0.00,0.0000,0.00,0.0000,A,""
INVENTARIOS,---,---,INVE-CED-3-3-20260322-000002177,INVE-REF-CED-INV-3-3-20260322-000002176,---,"22/03/2026 10:41",---,1200179693150,"REEBOK BB 1000",124300,"",00019732300707785120,---,1,12.00,"         122.0000",0.00,0.0000,0.00,0.0000,A,""
INVENTARIOS,---,---,INVE-CED-3-3-20260322-000002177,INVE-REF-CED-INV-3-3-20260322-000002176,---,"22/03/2026 10:41",---,1200179693150,"REEBOK BB 1000",124300,"",00019732300707785113,---,1,12.00,"         122.0000",0.00,0.0000,0.00,0.0000,A,""
INVENTARIOS,---,---,INVE-CED-3-3-20260322-000002177,INVE-REF-CED-INV-3-3-20260322-000002176,---,"22/03/2026 10:41",---,1200179693150,"REEBOK BB 1000",124300,"",00019732300707785106,---,1,12.00,"         122.0000",0.00,0.0000,0.00,0.0000,A,""
INVENTARIOS,---,---,INVE-CED-3-3-20260322-000002177,INVE-REF-CED-INV-3-3-20260322-000002176,---,"22/03/2026 10:41",---,1200179693150,"REEBOK BB 1000",124300,"",00019732300707785076,---,1,12.00,"         122.0000",0.00,0.0000,0.00,0.0000,A,""
INVENTARIOS,---,---,INVE-CED-3-3-20260322-000002177,INVE-REF-CED-INV-3-3-20260322-000002176,---,"22/03/2026 10:41",---,1200179693150,"REEBOK BB 1000",124300,"",00019732300707785045,---,1,12.00,"         122.0000",0.00,0.0000,0.00,0.0000,A,""
INVENTARIOS,---,---,INVE-CED-3-3-20260322-000002177,INVE-REF-CED-INV-3-3-20260322-000002176,---,"22/03/2026 10:41",---,1200179693150,"REEBOK BB 1000",124300,"",00019732300707784963,---,1,12.00,"         122.0000",0.00,0.0000,0.00,0.0000,A,""
INVENTARIOS,---,---,INVE-CED-3-3-20260322-000002176,INVE-REF-CED-INV-3-3-20260322-000002175,---,"22/03/2026 10:31",---,1200161025402,"REEBOK BB 1000",123100,"",00019732300707781450,---,1,12.00,"          12.0000",0.00,0.0000,0.00,0.0000,A,""
INVENTARIOS,---,---,INVE-CED-3-3-20260322-000002175,INVE-REF-CED-INV-3-3-20260322-000002174,---,"22/03/2026 09:47",---,1200161025372,"REEBOK BB 1000",123140,"",00019732300707782457,---,1,4.00,"           4.0000",0.00,0.0000,0.00,0.0000,A,""
INVENTARIOS,---,---,INVE-CED-3-3-20260322-000002174,INVE-REF-CED-INV-3-3-20260322-000002173,---,"22/03/2026 09:42",---,1200161343445,"RBK FULGERE SLIDE",124500,"",00019732300707418233,---,1,12.00,"          28.0000",0.00,0.0000,0.00,0.0000,A,""
INVENTARIOS,---,---,INVE-CED-3-3-20260322-000002174,INVE-REF-CED-INV-3-3-20260322-000002173,---,"22/03/2026 09:42",---,1200161343445,"RBK FULGERE SLIDE",---,"",00019732300707418257,---,1,7.00,"          28.0000",0.00,0.0000,0.00,0.0000,A,""
INVENTARIOS,---,---,INVE-CED-3-3-20260322-000002174,INVE-REF-CED-INV-3-3-20260322-000002173,---,"22/03/2026 09:42",---,1200161343445,"RBK FULGERE SLIDE",124500,"",00019732300707418226,---,1,9.00,"          28.0000",0.00,0.0000,0.00,0.0000,A,""
INVENTARIOS,---,---,INVE-CED-3-3-20260322-000002174,INVE-REF-CED-INV-3-3-20260322-000002173,---,"22/03/2026 09:42",---,1200161343438,"RBK FULGERE SLIDE",124500,"",00019732300707410701,---,1,8.00,"          30.0000",0.00,0.0000,0.00,0.0000,A,""
INVENTARIOS,---,---,INVE-CED-3-3-20260322-000002174,INVE-REF-CED-INV-3-3-20260322-000002173,---,"22/03/2026 09:42",---,1200161343438,"RBK FULGERE SLIDE",124500,"",00019732300707409026,---,1,10.00,"          30.0000",0.00,0.0000,0.00,0.0000,A,""
INVENTARIOS,---,---,INVE-CED-3-3-20260322-000002174,INVE-REF-CED-INV-3-3-20260322-000002173,---,"22/03/2026 09:42",---,1200161343438,"RBK FULGERE SLIDE",124500,"",00019732300707409019,---,1,12.00,"          30.0000",0.00,0.0000,0.00,0.0000,A,""
INVENTARIOS,---,---,ENT-3-3-20260322-000000296,INVE-REF-CED-INV-3-3-20260321-000002026,---,"22/03/2026 08:50",---,197225539269,"REEBOK ROYAL PRIME 2.0 2V",---,"",C08038558257,---,1,2.00,"           2.0000",0.00,0.0000,0.00,0.0000,A,""
INVENTARIOS,---,---,INVE-CED-3-3-20260321-000002172,INVE-REF-CED-INV-3-3-20260321-000002171,---,"21/03/2026 14:26",---,4065419120400,"CLASSIC LEATHER",122030,"",00019732300705398322,---,1,1.00,"           1.0000",0.00,0.0000,0.00,0.0000,A,""
INVENTARIOS,---,---,INVE-CED-3-3-20260321-000002172,INVE-REF-CED-INV-3-3-20260321-000002171,---,"21/03/2026 14:26",---,1200143609484,"CLASSIC LEATHER STEP N FLASH",122030,"",00019732300704369712,---,1,2.00,"           2.0000",0.00,0.0000,0.00,0.0000,A,""
INVENTARIOS,---,---,INVE-CED-3-3-20260321-000002172,INVE-REF-CED-INV-3-3-20260321-000002171,---,"21/03/2026 14:26",---,4064037179944,"CL LTHR",122030,"",00019732300704653132,---,1,10.00,"          10.0000",0.00,0.0000,0.00,0.0000,A,""
INVENTARIOS,---,---,INVE-CED-3-3-20260321-000002172,INVE-REF-CED-INV-3-3-20260321-000002171,---,"21/03/2026 14:26",---,4064048393308,"CLUB C 1V",122030,"",00019732300704636975,---,1,4.00,"           4.0000",0.00,0.0000,0.00,0.0000,A,""
INVENTARIOS,---,---,INVE-CED-3-3-20260321-000002172,INVE-REF-CED-INV-3-3-20260321-000002171,---,"21/03/2026 14:26",---,1200161240102,"RBK PREMIER TRINITY",122030,"",00019732300705264443,---,1,1.00,"           1.0000",0.00,0.0000,0.00,0.0000,A,""
INVENTARIOS,---,---,INVE-CED-3-3-20260321-000002172,INVE-REF-CED-INV-3-3-20260321-000002171,---,"21/03/2026 14:26",---,1200161240119,"RBK PREMIER TRINITY",122030,"",00019732300705264443,---,1,1.00,"           1.0000",0.00,0.0000,0.00,0.0000,A,""
INVENTARIOS,---,---,INVE-CED-3-3-20260321-000002172,INVE-REF-CED-INV-3-3-20260321-000002171,---,"21/03/2026 14:26",---,1200161240072,"RBK PREMIER TRINITY",122030,"",00019732300705264443,---,1,1.00,"           1.0000",0.00,0.0000,0.00,0.0000,A,""
INVENTARIOS,---,---,INVE-CED-3-3-20260321-000002172,INVE-REF-CED-INV-3-3-20260321-000002171,---,"21/03/2026 14:26",---,1200161744976,"REEBOK ROAD STRIDER",122030,"",00019732300705264443,---,1,5.00,"           5.0000",0.00,0.0000,0.00,0.0000,A,""
INVENTARIOS,---,---,INVE-CED-3-3-20260321-000002172,INVE-REF-CED-INV-3-3-20260321-000002171,---,"21/03/2026 14:26",---,1200161588792,"REEBOK ROYAL PRIME 2.0 TWO STRAP",122030,"",00019732300704485191,---,1,3.00,"           3.0000",0.00,0.0000,0.00,0.0000,A,""
INVENTARIOS,---,---,INVE-CED-3-3-20260321-000002172,INVE-REF-CED-INV-3-3-20260321-000002171,---,"21/03/2026 14:26",---,1200161416781,"REEBOK SMASH EDGE",122030,"",00019732300704369712,---,1,6.00,"           6.0000",0.00,0.0000,0.00,0.0000,A,""
INVENTARIOS,---,---,INVE-CED-3-3-20260321-000002172,INVE-REF-CED-INV-3-3-20260321-000002171,---,"21/03/2026 14:26",---,1200161729232,"REEBOK SMASH EDGE",122030,"",00019732300705825309,---,1,12.00,"          12.0000",0.00,0.0000,0.00,0.0000,A,""
INVENTARIOS,---,---,INVE-CED-3-3-20260321-000002172,INVE-REF-CED-INV-3-3-20260321-000002171,---,"21/03/2026 14:26",---,1200161414725,"REEBOK SMASH EDGE HOOK & LOOP",122030,"",C31538534992,---,1,12.00,"          12.0000",0.00,0.0000,0.00,0.0000,A,""
INVENTARIOS,---,---,INVE-CED-3-3-20260321-000002172,INVE-REF-CED-INV-3-3-20260321-000002171,---,"21/03/2026 14:26",---,4065432060943,"WORKOUT PLUS",122030,"",C31538534963,---,1,6.00,"           6.0000",0.00,0.0000,0.00,0.0000,A,""
INVENTARIOS,---,---,INVE-CED-3-3-20260321-000002171,INVE-REF-CED-INV-3-3-20260321-000002170,---,"21/03/2026 12:54",---,1200186002334,"REEBOK BB 1000 MID",122650,"",00019732300707497306,---,1,12.00,"          24.0000",0.00,0.0000,0.00,0.0000,A,""
INVENTARIOS,---,---,INVE-CED-3-3-20260321-000002171,INVE-REF-CED-INV-3-3-20260321-000002170,---,"21/03/2026 12:54",---,1200186002358,"REEBOK BB 1000 MID",122650,"",00019732300707497351,---,1,12.00,"          12.0000",0.00,0.0000,0.00,0.0000,A,""
INVENTARIOS,---,---,INVE-CED-3-3-20260321-000002171,INVE-REF-CED-INV-3-3-20260321-000002170,---,"21/03/2026 12:54",---,1200186002334,"REEBOK BB 1000 MID",122650,"",00019732300707497313,---,1,12.00,"          24.0000",0.00,0.0000,0.00,0.0000,A,""
INVENTARIOS,---,---,INVE-CED-3-3-20260321-000002169,INVE-REF-CED-INV-3-3-20260321-000002168,---,"21/03/2026 12:26",---,1200161025365,"REEBOK BB 1000",123770,"",00019732300707782440,---,1,4.00,"         136.0000",0.00,0.0000,0.00,0.0000,A,""
INVENTARIOS,---,---,INVE-CED-3-3-20260321-000002169,INVE-REF-CED-INV-3-3-20260321-000002168,---,"21/03/2026 12:26",---,1200161025365,"REEBOK BB 1000",123770,"",00019732300707780989,---,1,12.00,"         136.0000",0.00,0.0000,0.00,0.0000,A,""
INVENTARIOS,---,---,INVE-CED-3-3-20260321-000002169,INVE-REF-CED-INV-3-3-20260321-000002168,---,"21/03/2026 12:26",---,1200161025365,"REEBOK BB 1000",123770,"",00019732300707780972,---,1,12.00,"         136.0000",0.00,0.0000,0.00,0.0000,A,""
INVENTARIOS,---,---,INVE-CED-3-3-20260321-000002169,INVE-REF-CED-INV-3-3-20260321-000002168,---,"21/03/2026 12:26",---,1200161025365,"REEBOK BB 1000",123770,"",00019732300707780910,---,1,12.00,"         136.0000",0.00,0.0000,0.00,0.0000,A,""
INVENTARIOS,---,---,INVE-CED-3-3-20260321-000002169,INVE-REF-CED-INV-3-3-20260321-000002168,---,"21/03/2026 12:26",---,1200161025365,"REEBOK BB 1000",123770,"",00019732300707780897,---,1,12.00,"         136.0000",0.00,0.0000,0.00,0.0000,A,""
INVENTARIOS,---,---,INVE-CED-3-3-20260321-000002169,INVE-REF-CED-INV-3-3-20260321-000002168,---,"21/03/2026 12:26",---,1200161025365,"REEBOK BB 1000",123770,"",00019732300707780880,---,1,12.00,"         136.0000",0.00,0.0000,0.00,0.0000,A,""
INVENTARIOS,---,---,INVE-CED-3-3-20260321-000002169,INVE-REF-CED-INV-3-3-20260321-000002168,---,"21/03/2026 12:26",---,1200161025365,"REEBOK BB 1000",123770,"",00019732300707780873,---,1,12.00,"         136.0000",0.00,0.0000,0.00,0.0000,A,""
INVENTARIOS,---,---,INVE-CED-3-3-20260321-000002169,INVE-REF-CED-INV-3-3-20260321-000002168,---,"21/03/2026 12:26",---,1200161025365,"REEBOK BB 1000",123770,"",00019732300707780859,---,1,12.00,"         136.0000",0.00,0.0000,0.00,0.0000,A,""
INVENTARIOS,---,---,INVE-CED-3-3-20260321-000002169,INVE-REF-CED-INV-3-3-20260321-000002168,---,"21/03/2026 12:26",---,1200161025365,"REEBOK BB 1000",123770,"",00019732300707780842,---,1,12.00,"         136.0000",0.00,0.0000,0.00,0.0000,A,""
INVENTARIOS,---,---,INVE-CED-3-3-20260321-000002169,INVE-REF-CED-INV-3-3-20260321-000002168,---,"21/03/2026 12:26",---,1200161025365,"REEBOK BB 1000",123770,"",00019732300707780828,---,1,12.00,"         136.0000",0.00,0.0000,0.00,0.0000,A,""
INVENTARIOS,---,---,INVE-CED-3-3-20260321-000002169,INVE-REF-CED-INV-3-3-20260321-000002168,---,"21/03/2026 12:26",---,1200161025365,"REEBOK BB 1000",123770,"",00019732300707780811,---,1,12.00,"         136.0000",0.00,0.0000,0.00,0.0000,A,""
INVENTARIOS,---,---,INVE-CED-3-3-20260321-000002169,INVE-REF-CED-INV-3-3-20260321-000002168,---,"21/03/2026 12:26",---,1200161025365,"REEBOK BB 1000",123770,"",00019732300707780804,---,1,12.00,"         136.0000",0.00,0.0000,0.00,0.0000,A,""
INVENTARIOS,---,---,INVE-CED-3-3-20260321-000002168,INVE-REF-CED-INV-3-3-20260321-000002167,---,"21/03/2026 10:50",---,1200161403514,"CLASSIC LEATHER",118250,"",00019732300705785320,---,1,3.00,"           3.0000",0.00,0.0000,0.00,0.0000,A,""
INVENTARIOS,---,---,INVE-CED-3-3-20260321-000002168,INVE-REF-CED-INV-3-3-20260321-000002167,---,"21/03/2026 10:50",---,1200161403569,"CLASSIC LEATHER",118250,"",00019732300705785320,---,1,8.00,"           8.0000",0.00,0.0000,0.00,0.0000,A,""
INVENTARIOS,---,---,INVE-CED-3-3-20260321-000002168,INVE-REF-CED-INV-3-3-20260321-000002167,---,"21/03/2026 10:50",---,1200161403552,"CLASSIC LEATHER",118250,"",00019732300705785160,---,1,10.00,"          10.0000",0.00,0.0000,0.00,0.0000,A,""
INVENTARIOS,---,---,INVE-CED-3-3-20260321-000002168,INVE-REF-CED-INV-3-3-20260321-000002167,---,"21/03/2026 10:50",---,1200143001714,"NPC II",118250,"",00019732300707491823,---,1,1.00,"           1.0000",0.00,0.0000,0.00,0.0000,A,""
INVENTARIOS,---,---,INVE-CED-3-3-20260321-000002168,INVE-REF-CED-INV-3-3-20260321-000002167,---,"21/03/2026 10:50",---,1200143001684,"NPC II",118250,"",00019732300707491823,---,1,2.00,"           2.0000",0.00,0.0000,0.00,0.0000,A,""
INVENTARIOS,---,---,INVE-CED-3-3-20260321-000002168,INVE-REF-CED-INV-3-3-20260321-000002167,---,"21/03/2026 10:50",---,1200161824319,"REEBOK SUNKISSED SANDALINFANT BLACK-BLACK-BLACK",118250,"",00019732300707491823,---,1,1.00,"           1.0000",0.00,0.0000,0.00,0.0000,A,""
INVENTARIOS,---,---,INVE-CED-3-3-20260321-000002167,INVE-REF-CED-INV-3-3-20260321-000002166,---,"21/03/2026 10:12",---,1200143509838,"REEBOK ROYAL PRIME 2.0 2V",120540,"",00019732300707575004,---,1,6.00,"           6.0000",0.00,0.0000,0.00,0.0000,A,""
INVENTARIOS,---,---,INVE-CED-3-3-20260321-000002166,INVE-REF-CED-INV-3-3-20260321-000002165,---,"21/03/2026 09:44",---,1200161998003,"REEBOK GLIDE",118630,"",00019732300706532893,---,1,12.00,"          12.0000",0.00,0.0000,0.00,0.0000,A,""
INVENTARIOS,---,---,INVE-CED-3-3-20260321-000002165,INVE-REF-CED-INV-3-3-20260321-000002164,---,"21/03/2026 09:38",---,1200143509852,"REEBOK ROYAL PRIME 2.0 2V",119260,"",00019732300707574939,---,1,12.00,"          12.0000",0.00,0.0000,0.00,0.0000,A,""
INVENTARIOS,---,---,INVE-CED-3-3-20260321-000002164,INVE-REF-CED-INV-3-3-20260321-000002163,---,"21/03/2026 05:39",---,1200143509852,"REEBOK ROYAL PRIME 2.0 2V",120540,"",00019732300707574885,---,1,10.00,"          10.0000",0.00,0.0000,0.00,0.0000,A,""
INVENTARIOS,---,---,INVE-CED-3-3-20260321-000002156,INVE-REF-CED-INV-3-3-20260321-000002155,---,"21/03/2026 05:14",---,1200179170286,"REEBOK PRIME EVENT",119890,"",00019732300707605183,---,1,12.00,"          12.0000",0.00,0.0000,0.00,0.0000,A,""
INVENTARIOS,---,---,INVE-CED-3-3-20260321-000002150,INVE-REF-CED-INV-3-3-20260321-000002149,---,"21/03/2026 05:00",---,1200161998003,"REEBOK GLIDE",---,"",90150197324092849001230002073001,---,1,12.00,"          12.0000",0.00,0.0000,0.00,0.0000,A,""
INVENTARIOS,---,---,INVE-CED-3-3-20260321-000002142,INVE-REF-CED-INV-3-3-20260321-000002141,---,"21/03/2026 04:53",---,1200143509852,"REEBOK ROYAL PRIME 2.0 2V",119900,"",00019732300707574915,---,1,12.00,"          12.0000",0.00,0.0000,0.00,0.0000,A,""
INVENTARIOS,---,---,INVE-CED-3-3-20260321-000002141,INVE-REF-CED-INV-3-3-20260321-000002140,---,"21/03/2026 04:52",---,1200161025365,"REEBOK BB 1000",---,"",00019732300707782440,---,1,4.00,"         136.0000",0.00,0.0000,0.00,0.0000,A,""
INVENTARIOS,---,---,INVE-CED-3-3-20260321-000002141,INVE-REF-CED-INV-3-3-20260321-000002140,---,"21/03/2026 04:52",---,1200161025365,"REEBOK BB 1000",---,"",00019732300707780989,---,1,12.00,"         136.0000",0.00,0.0000,0.00,0.0000,A,""
INVENTARIOS,---,---,INVE-CED-3-3-20260321-000002141,INVE-REF-CED-INV-3-3-20260321-000002140,---,"21/03/2026 04:52",---,1200161025365,"REEBOK BB 1000",---,"",00019732300707780972,---,1,12.00,"         136.0000",0.00,0.0000,0.00,0.0000,A,""
INVENTARIOS,---,---,INVE-CED-3-3-20260321-000002141,INVE-REF-CED-INV-3-3-20260321-000002140,---,"21/03/2026 04:52",---,1200161025365,"REEBOK BB 1000",---,"",00019732300707780910,---,1,12.00,"         136.0000",0.00,0.0000,0.00,0.0000,A,""
INVENTARIOS,---,---,INVE-CED-3-3-20260321-000002141,INVE-REF-CED-INV-3-3-20260321-000002140,---,"21/03/2026 04:52",---,1200161025365,"REEBOK BB 1000",---,"",00019732300707780897,---,1,12.00,"         136.0000",0.00,0.0000,0.00,0.0000,A,""
INVENTARIOS,---,---,INVE-CED-3-3-20260321-000002141,INVE-REF-CED-INV-3-3-20260321-000002140,---,"21/03/2026 04:52",---,1200161025365,"REEBOK BB 1000",---,"",00019732300707780880,---,1,12.00,"         136.0000",0.00,0.0000,0.00,0.0000,A,""
INVENTARIOS,---,---,INVE-CED-3-3-20260321-000002141,INVE-REF-CED-INV-3-3-20260321-000002140,---,"21/03/2026 04:52",---,1200161025365,"REEBOK BB 1000",---,"",00019732300707780873,---,1,12.00,"         136.0000",0.00,0.0000,0.00,0.0000,A,""
INVENTARIOS,---,---,INVE-CED-3-3-20260321-000002141,INVE-REF-CED-INV-3-3-20260321-000002140,---,"21/03/2026 04:52",---,1200161025365,"REEBOK BB 1000",---,"",00019732300707780859,---,1,12.00,"         136.0000",0.00,0.0000,0.00,0.0000,A,""
INVENTARIOS,---,---,INVE-CED-3-3-20260321-000002141,INVE-REF-CED-INV-3-3-20260321-000002140,---,"21/03/2026 04:52",---,1200161025365,"REEBOK BB 1000",---,"",00019732300707780842,---,1,12.00,"         136.0000",0.00,0.0000,0.00,0.0000,A,""
INVENTARIOS,---,---,INVE-CED-3-3-20260321-000002141,INVE-REF-CED-INV-3-3-20260321-000002140,---,"21/03/2026 04:52",---,1200161025365,"REEBOK BB 1000",---,"",00019732300707780828,---,1,12.00,"         136.0000",0.00,0.0000,0.00,0.0000,A,""
INVENTARIOS,---,---,INVE-CED-3-3-20260321-000002141,INVE-REF-CED-INV-3-3-20260321-000002140,---,"21/03/2026 04:52",---,1200161025365,"REEBOK BB 1000",---,"",00019732300707780811,---,1,12.00,"         136.0000",0.00,0.0000,0.00,0.0000,A,""
INVENTARIOS,---,---,INVE-CED-3-3-20260321-000002141,INVE-REF-CED-INV-3-3-20260321-000002140,---,"21/03/2026 04:52",---,1200161025365,"REEBOK BB 1000",---,"",00019732300707780804,---,1,12.00,"         136.0000",0.00,0.0000,0.00,0.0000,A,""
INVENTARIOS,---,---,INVE-CED-3-3-20260321-000002131,INVE-REF-CED-INV-3-3-20260321-000002130,---,"21/03/2026 04:47",---,1200161025327,"REEBOK BB 1000",120730,"",00019732300707617674,---,1,1.00,"           3.0000",0.00,0.0000,0.00,0.0000,A,""
INVENTARIOS,---,---,INVE-CED-3-3-20260321-000002131,INVE-REF-CED-INV-3-3-20260321-000002130,---,"21/03/2026 04:47",---,1200161025327,"REEBOK BB 1000",120730,"",00019732300707617582,---,1,2.00,"           3.0000",0.00,0.0000,0.00,0.0000,A,""
INVENTARIOS,---,---,INVE-CED-3-3-20260321-000002130,INVE-REF-CED-INV-3-3-20260321-000002129,---,"21/03/2026 04:43",---,1200161025464,"REEBOK BB 1000",121300,"",00019732300707621756,---,1,12.00,"          89.0000",0.00,0.0000,0.00,0.0000,A,""
INVENTARIOS,---,---,INVE-CED-3-3-20260321-000002130,INVE-REF-CED-INV-3-3-20260321-000002129,---,"21/03/2026 04:43",---,1200161025464,"REEBOK BB 1000",121300,"",00019732300707621749,---,1,12.00,"          89.0000",0.00,0.0000,0.00,0.0000,A,""
INVENTARIOS,---,---,INVE-CED-3-3-20260321-000002130,INVE-REF-CED-INV-3-3-20260321-000002129,---,"21/03/2026 04:43",---,1200161025464,"REEBOK BB 1000",121300,"",00019732300707621701,---,1,12.00,"          89.0000",0.00,0.0000,0.00,0.0000,A,""
INVENTARIOS,---,---,INVE-CED-3-3-20260321-000002130,INVE-REF-CED-INV-3-3-20260321-000002129,---,"21/03/2026 04:43",---,1200161025464,"REEBOK BB 1000",121300,"",00019732300707621695,---,1,12.00,"          89.0000",0.00,0.0000,0.00,0.0000,A,""
INVENTARIOS,---,---,INVE-CED-3-3-20260321-000002130,INVE-REF-CED-INV-3-3-20260321-000002129,---,"21/03/2026 04:43",---,1200161025464,"REEBOK BB 1000",121300,"",00019732300707621688,---,1,5.00,"          89.0000",0.00,0.0000,0.00,0.0000,A,""
INVENTARIOS,---,---,INVE-CED-3-3-20260321-000002130,INVE-REF-CED-INV-3-3-20260321-000002129,---,"21/03/2026 04:43",---,1200161025464,"REEBOK BB 1000",121300,"",00019732300707621664,---,1,12.00,"          89.0000",0.00,0.0000,0.00,0.0000,A,""
INVENTARIOS,---,---,INVE-CED-3-3-20260321-000002130,INVE-REF-CED-INV-3-3-20260321-000002129,---,"21/03/2026 04:43",---,1200161025464,"REEBOK BB 1000",121300,"",00019732300707621596,---,1,12.00,"          89.0000",0.00,0.0000,0.00,0.0000,A,""
INVENTARIOS,---,---,INVE-CED-3-3-20260321-000002130,INVE-REF-CED-INV-3-3-20260321-000002129,---,"21/03/2026 04:43",---,1200161025464,"REEBOK BB 1000",121300,"",00019732300707621589,---,1,12.00,"          89.0000",0.00,0.0000,0.00,0.0000,A,""
INVENTARIOS,---,---,INVE-CED-3-3-20260321-000002116,INVE-REF-CED-INV-3-3-20260321-000002115,---,"21/03/2026 04:25",---,1200161895111,"REEBOK ROAD STRIDER",119460,"",00019732300707612969,---,1,12.00,"          12.0000",0.00,0.0000,0.00,0.0000,A,""
INVENTARIOS,---,---,INVE-CED-3-3-20260321-000002098,INVE-REF-CED-INV-3-3-20260321-000002097,---,"21/03/2026 03:52",---,1200143509852,"REEBOK ROYAL PRIME 2.0 2V",---,"",90150197225539238001230002498851,---,1,12.00,"          12.0000",0.00,0.0000,0.00,0.0000,A,""
INVENTARIOS,---,---,INVE-CED-3-3-20260321-000002094,INVE-REF-CED-INV-3-3-20260321-000002093,---,"21/03/2026 03:44",---,1200179170378,"REEBOK PRIME EVENT",119860,"",00019732300707606609,---,1,1.00,"           1.0000",0.00,0.0000,0.00,0.0000,A,""
INVENTARIOS,---,---,INVE-CED-3-3-20260321-000002082,INVE-REF-CED-INV-3-3-20260321-000002081,---,"21/03/2026 03:38",---,1200161228018,"FLOATZIG 1",118570,"",00019732300705814235,---,1,5.00,"           5.0000",0.00,0.0000,0.00,0.0000,A,""
INVENTARIOS,---,---,INVE-CED-3-3-20260320-000002080,INVE-REF-CED-INV-3-3-20260320-000002079,---,"20/03/2026 16:38",---,4066758687166,"REEBOK ROYAL PRIME 2.0",46310,"",00019732300707566019,---,1,4.00,"           4.0000",0.00,0.0000,0.00,0.0000,A,""
INVENTARIOS,---,---,INVE-CED-3-3-20260320-000002074,INVE-REF-CED-INV-3-3-20260320-000002073,---,"20/03/2026 15:51",---,1200161876318,"ENERGEN RUN ELASTIC LACE & TOP STRAP",---,"",00019732300707396135,---,1,1.00,"           1.0000",0.00,0.0000,0.00,0.0000,A,""
INVENTARIOS,---,---,INVE-CED-3-3-20260320-000002073,INVE-REF-CED-INV-3-3-20260320-000002072,---,"20/03/2026 15:44",---,1200161917011,"REEBOK GLIDE LOW ELASTIC & TOP STRAP",119640,"",00019732300707355620,---,1,12.00,"          12.0000",0.00,0.0000,0.00,0.0000,A,""
INVENTARIOS,---,---,INVE-CED-3-3-20260320-000002020,INVE-REF-CED-INV-3-3-20260320-000002019,---,"20/03/2026 15:08",---,1200161876325,"ENERGEN RUN ELASTIC LACE & TOP STRAP",120810,"",00019732300707396302,---,1,6.00,"           6.0000",0.00,0.0000,0.00,0.0000,A,""
INVENTARIOS,---,---,INVE-CED-3-3-20260320-000002072,INVE-REF-CED-INV-3-3-20260320-000002071,---,"20/03/2026 11:39",---,1200161732751,"REEBOK COURT ADVANCE SURGE",118280,"",00019732300704943608,---,1,12.00,"          12.0000",0.00,0.0000,0.00,0.0000,A,""
INVENTARIOS,---,---,INVE-CED-3-3-20260320-000002071,INVE-REF-CED-INV-3-3-20260320-000002070,---,"20/03/2026 11:29",---,4066748737123,"REEBOK GLIDE RIPPLE CLIP",118400,"",C31538535184,---,1,8.00,"           8.0000",0.00,0.0000,0.00,0.0000,A,""
INVENTARIOS,---,---,INVE-CED-3-3-20260320-000002071,INVE-REF-CED-INV-3-3-20260320-000002070,---,"20/03/2026 11:29",---,1200161729218,"REEBOK SMASH EDGE",118400,"",C32438538530,---,1,12.00,"          12.0000",0.00,0.0000,0.00,0.0000,A,""
INVENTARIOS,---,---,INVE-CED-3-3-20260320-000002071,INVE-REF-CED-INV-3-3-20260320-000002070,---,"20/03/2026 11:29",---,4066749591809,"ZTAUR RUN II",118400,"",C31538535184,---,1,3.00,"           3.0000",0.00,0.0000,0.00,0.0000,A,""
INVENTARIOS,---,---,INVE-CED-3-3-20260320-000002068,INVE-REF-CED-INV-3-3-20260320-000002067,---,"20/03/2026 11:11",---,1200161884733,"ATR CHILL",118880,"",00019732300707399662,---,1,6.00,"           6.0000",0.00,0.0000,0.00,0.0000,A,""
INVENTARIOS,---,---,INVE-CED-3-3-20260320-000002067,INVE-REF-CED-INV-3-3-20260320-000002066,---,"20/03/2026 10:41",---,1200161334726,"BB 4000 II",118450,"",00019732300705435232,---,1,3.00,"           3.0000",0.00,0.0000,0.00,0.0000,A,""
INVENTARIOS,---,---,INVE-CED-3-3-20260320-000002066,INVE-REF-CED-INV-3-3-20260320-000002065,---,"20/03/2026 10:40",---,1200161871405,"ATR CHILL",118910,"",00019732300707398641,---,1,5.00,"           5.0000",0.00,0.0000,0.00,0.0000,A,""
INVENTARIOS,---,---,INVE-CED-3-3-20260320-000002065,INVE-REF-CED-INV-3-3-20260320-000002064,---,"20/03/2026 10:08",---,1200161875960,"ENERGEN RUN",118920,"",00019732300707395657,---,1,11.00,"          11.0000",0.00,0.0000,0.00,0.0000,A,""
INVENTARIOS,---,---,INVE-CED-3-3-20260320-000002064,INVE-REF-CED-INV-3-3-20260320-000002063,---,"20/03/2026 10:00",---,1200161024221,"REEBOK BB 1000",118940,"",0001973230070736704,---,1,6.00,"           6.0000",0.00,0.0000,0.00,0.0000,A,""
INVENTARIOS,---,---,INVE-CED-3-3-20260320-000002028,INVE-REF-CED-INV-3-3-20260320-000002027,---,"20/03/2026 09:53",---,1200161875922,"ENERGEN RUN",119540,"",00019732300707395527,---,1,1.00,"           1.0000",0.00,0.0000,0.00,0.0000,A,""
INVENTARIOS,---,---,INVE-CED-3-3-20260320-000002028,INVE-REF-CED-INV-3-3-20260320-000002027,---,"20/03/2026 09:53",---,1200161875939,"ENERGEN RUN",119540,"",00019732300707395565,---,1,12.00,"          24.0000",0.00,0.0000,0.00,0.0000,A,""
INVENTARIOS,---,---,INVE-CED-3-3-20260320-000002028,INVE-REF-CED-INV-3-3-20260320-000002027,---,"20/03/2026 09:53",---,1200161875939,"ENERGEN RUN",119540,"",00019732300707395602,---,1,12.00,"          24.0000",0.00,0.0000,0.00,0.0000,A,""
INVENTARIOS,---,---,INVE-CED-3-3-20260320-000002028,INVE-REF-CED-INV-3-3-20260320-000002027,---,"20/03/2026 09:53",---,1200161024269,"REEBOK BB 1000",---,"",00019732300707367425,---,1,12.00,"          12.0000",0.00,0.0000,0.00,0.0000,A,""
INVENTARIOS,---,---,INVE-CED-3-3-20260320-000002024,INVE-REF-CED-INV-3-3-20260320-000002023,---,"20/03/2026 09:51",---,1200161871504,"ATR CHILL",---,"",00019732300707399297,---,1,12.00,"          12.0000",0.00,0.0000,0.00,0.0000,A,""
INVENTARIOS,---,---,INVE-CED-3-3-20260320-000002060,INVE-REF-CED-INV-3-3-20260320-000002059,---,"20/03/2026 09:22",---,1200161917035,"REEBOK GLIDE LOW ELASTIC & TOP STRAP",120270,"",00019732300707352254,---,1,12.00,"         117.0000",0.00,0.0000,0.00,0.0000,A,""
INVENTARIOS,---,---,INVE-CED-3-3-20260320-000002060,INVE-REF-CED-INV-3-3-20260320-000002059,---,"20/03/2026 09:22",---,1200161917035,"REEBOK GLIDE LOW ELASTIC & TOP STRAP",120270,"",00019732300707352230,---,1,12.00,"         117.0000",0.00,0.0000,0.00,0.0000,A,""
INVENTARIOS,---,---,INVE-CED-3-3-20260320-000002060,INVE-REF-CED-INV-3-3-20260320-000002059,---,"20/03/2026 09:22",---,1200161917035,"REEBOK GLIDE LOW ELASTIC & TOP STRAP",120270,"",00019732300707352223,---,1,12.00,"         117.0000",0.00,0.0000,0.00,0.0000,A,""
INVENTARIOS,---,---,INVE-CED-3-3-20260320-000002060,INVE-REF-CED-INV-3-3-20260320-000002059,---,"20/03/2026 09:22",---,1200161917035,"REEBOK GLIDE LOW ELASTIC & TOP STRAP",120270,"",00019732300707352209,---,1,12.00,"         117.0000",0.00,0.0000,0.00,0.0000,A,""
INVENTARIOS,---,---,INVE-CED-3-3-20260320-000002060,INVE-REF-CED-INV-3-3-20260320-000002059,---,"20/03/2026 09:22",---,1200161917035,"REEBOK GLIDE LOW ELASTIC & TOP STRAP",120270,"",00019732300707355729,---,1,12.00,"         117.0000",0.00,0.0000,0.00,0.0000,A,""
INVENTARIOS,---,---,INVE-CED-3-3-20260320-000002060,INVE-REF-CED-INV-3-3-20260320-000002059,---,"20/03/2026 09:22",---,1200161917035,"REEBOK GLIDE LOW ELASTIC & TOP STRAP",120270,"",00019732300707383050,---,1,12.00,"         117.0000",0.00,0.0000,0.00,0.0000,A,""
INVENTARIOS,---,---,INVE-CED-3-3-20260320-000002060,INVE-REF-CED-INV-3-3-20260320-000002059,---,"20/03/2026 09:22",---,1200161917035,"REEBOK GLIDE LOW ELASTIC & TOP STRAP",120270,"",00019732300707383067,---,1,12.00,"         117.0000",0.00,0.0000,0.00,0.0000,A,""
INVENTARIOS,---,---,INVE-CED-3-3-20260320-000002060,INVE-REF-CED-INV-3-3-20260320-000002059,---,"20/03/2026 09:22",---,1200161917035,"REEBOK GLIDE LOW ELASTIC & TOP STRAP",120270,"",00019732300707383081,---,1,12.00,"         117.0000",0.00,0.0000,0.00,0.0000,A,""
INVENTARIOS,---,---,INVE-CED-3-3-20260320-000002060,INVE-REF-CED-INV-3-3-20260320-000002059,---,"20/03/2026 09:22",---,1200161917035,"REEBOK GLIDE LOW ELASTIC & TOP STRAP",120270,"",00019732300707383104,---,1,9.00,"         117.0000",0.00,0.0000,0.00,0.0000,A,""
INVENTARIOS,---,---,INVE-CED-3-3-20260320-000002060,INVE-REF-CED-INV-3-3-20260320-000002059,---,"20/03/2026 09:22",---,1200161917035,"REEBOK GLIDE LOW ELASTIC & TOP STRAP",120270,"",00019732300707355651,---,1,12.00,"         117.0000",0.00,0.0000,0.00,0.0000,A,""
INVENTARIOS,---,---,INVE-CED-3-3-20260320-000002054,INVE-REF-CED-INV-3-3-20260320-000002053,---,"20/03/2026 06:37",---,1200161240720,"RBK PREMIER TRINITY",118420,"",00019732300704296032,---,1,6.00,"           6.0000",0.00,0.0000,0.00,0.0000,A,""
INVENTARIOS,---,---,INVE-CED-3-3-20260320-000002044,INVE-REF-CED-INV-3-3-20260320-000002043,---,"20/03/2026 06:31",---,1200161895050,"REEBOK ROAD STRIDER",---,"",00019732300707612594,---,1,12.00,"          12.0000",0.00,0.0000,0.00,0.0000,A,""
INVENTARIOS,---,---,INVE-CED-3-3-20260320-000002036,INVE-REF-CED-INV-3-3-20260320-000002035,---,"20/03/2026 06:27",---,1200161917011,"REEBOK GLIDE LOW ELASTIC & TOP STRAP",---,"",90150197324014391001230002198751,---,1,12.00,"          12.0000",0.00,0.0000,0.00,0.0000,A,""
INVENTARIOS,---,---,INVE-CED-3-3-20260320-000002033,INVE-REF-CED-INV-3-3-20260320-000002032,---,"20/03/2026 06:25",---,1200161024184,"REEBOK BB 1000",---,"",00019732300707366466,---,1,12.00,"          24.0000",0.00,0.0000,0.00,0.0000,A,""
INVENTARIOS,---,---,INVE-CED-3-3-20260320-000002033,INVE-REF-CED-INV-3-3-20260320-000002032,---,"20/03/2026 06:25",---,1200161024184,"REEBOK BB 1000",---,"",00019732300707366381,---,1,12.00,"          24.0000",0.00,0.0000,0.00,0.0000,A,""
INVENTARIOS,---,---,INVE-CED-3-3-20260320-000002032,INVE-REF-CED-INV-3-3-20260320-000002031,---,"20/03/2026 06:25",---,1200161024221,"REEBOK BB 1000",---,"",00019732300707367456,---,1,6.00,"           6.0000",0.00,0.0000,0.00,0.0000,A,""
INVENTARIOS,---,---,INVE-CED-3-3-20260320-000002030,INVE-REF-CED-INV-3-3-20260320-000002029,---,"20/03/2026 06:24",---,1200161024269,"REEBOK BB 1000",---,"",00019732300707367395,---,1,12.00,"          12.0000",0.00,0.0000,0.00,0.0000,A,""
INVENTARIOS,---,---,INVE-CED-3-3-20260320-000002026,INVE-REF-CED-INV-3-3-20260320-000002025,---,"20/03/2026 06:21",---,1200179831651,"REEBOK BB 1000",120150,"",00019732300707378148,---,1,2.00,"           2.0000",0.00,0.0000,0.00,0.0000,A,""
INVENTARIOS,---,---,INVE-CED-3-3-20260320-000002023,INVE-REF-CED-INV-3-3-20260320-000002022,---,"20/03/2026 06:18",---,1200161884771,"ATR CHILL",120130,"",00019732300707381759,---,1,12.00,"          24.0000",0.00,0.0000,0.00,0.0000,A,""
INVENTARIOS,---,---,INVE-CED-3-3-20260320-000002023,INVE-REF-CED-INV-3-3-20260320-000002022,---,"20/03/2026 06:18",---,1200161884771,"ATR CHILL",120130,"",00019732300707400092,---,1,12.00,"          24.0000",0.00,0.0000,0.00,0.0000,A,""
INVENTARIOS,---,---,INVE-CED-3-3-20260320-000002021,INVE-REF-CED-INV-3-3-20260320-000002020,---,"20/03/2026 06:13",---,1200179089762,"REEBOK BB 1000",118240,"",00019732300704651268,---,1,12.00,"          24.0000",0.00,0.0000,0.00,0.0000,A,""
INVENTARIOS,---,---,INVE-CED-3-3-20260320-000002021,INVE-REF-CED-INV-3-3-20260320-000002020,---,"20/03/2026 06:13",---,1200179089809,"REEBOK BB 1000",118240,"",00019732300704651336,---,1,10.00,"          10.0000",0.00,0.0000,0.00,0.0000,A,""
INVENTARIOS,---,---,INVE-CED-3-3-20260320-000002021,INVE-REF-CED-INV-3-3-20260320-000002020,---,"20/03/2026 06:13",---,1200179089762,"REEBOK BB 1000",118240,"",00019732300704651237,---,1,12.00,"          24.0000",0.00,0.0000,0.00,0.0000,A,""
INVENTARIOS,---,---,INVE-CED-3-3-20260320-000002021,INVE-REF-CED-INV-3-3-20260320-000002020,---,"20/03/2026 06:13",---,1200143034378,"REEBOK COURT CLEAN",118240,"",00019732300704831349,---,1,12.00,"          24.0000",0.00,0.0000,0.00,0.0000,A,""
INVENTARIOS,---,---,INVE-CED-3-3-20260320-000002021,INVE-REF-CED-INV-3-3-20260320-000002020,---,"20/03/2026 06:13",---,1200143034378,"REEBOK COURT CLEAN",118240,"",00019732300704831110,---,1,12.00,"          24.0000",0.00,0.0000,0.00,0.0000,A,""
INVENTARIOS,---,---,INVE-CED-3-3-20260320-000002021,INVE-REF-CED-INV-3-3-20260320-000002020,---,"20/03/2026 06:13",---,1200179081032,"REEBOK SMASH EDGE",118240,"",00019732300705399664,---,1,12.00,"          12.0000",0.00,0.0000,0.00,0.0000,A,""
INVENTARIOS,---,---,INVE-CED-3-3-20260320-000002019,INVE-REF-CED-INV-3-3-20260320-000002018,---,"20/03/2026 06:03",---,1200161884795,"ATR CHILL",119490,"",00019732300707400375,---,1,2.00,"           2.0000",0.00,0.0000,0.00,0.0000,A,""
INVENTARIOS,---,---,INVE-CED-3-3-20260320-000002015,INVE-REF-CED-INV-3-3-20260320-000002014,---,"20/03/2026 06:01",---,1200179831750,"REEBOK BB 1000",120780,"",00019732300707378544,---,1,2.00,"           2.0000",0.00,0.0000,0.00,0.0000,A,""
