docto_id,referencia,fecha,fecha_cancelacion,fecha_entrega,partidas,ubicacion,cliente,cantidad_pedida,cantidad_surtida,tarimas,estado,
7c1cd130-8eb6-1691-3386-59df78e69aa0,"PRUEBA SURTIDO","2026-01-21 10:40:31.404919","2026-02-20 10:40:31.404919",,3,STAR-1,ANDREA,23.00,15.00,4,EMBARCADO
DO_TR0003257501,ST-00032575-IFA3Z688458,"2026-01-26 16:58:42.059681","2026-02-25 16:58:42.059682",,6,ST03,"Cliente contenido en la orden: DO_TR0003239901",70.00,26.00,6,EMBARCADO
SAL-3-3-20260119-000000248,"SPORT PLACE 31612","2026-01-19 20:32:00.049742","2026-02-18 20:32:00.049743",,8,ST01,DHL,96.00,90.00,8,EMBARCADO
SAL-3-3-20260119-000000245,"MRTENIS 32610","2026-01-19 20:31:59.645585","2026-02-18 20:31:59.645586",,1,ST01,DHL,6.00,6.00,1,EMBARCADO
DO_TR0003424201,ST-00034242-IFA3Z917776,"2026-02-18 14:00:08.67032","2026-03-20 14:00:08.670321",,1,ST01,"Cliente contenido en la orden: DO_TR0003239901",25.00,25.00,3,EMBARCADO
INVS-CED-3-3-20260213-000000128,INVE-REF-CED-INV-3-3-20260213-000000127,"2026-02-13 08:45:56.597946","2026-03-15 08:45:56.597946",,2,STAR-1,INVENTARIOS,5.00,5.00,1,EMBARCADO
INVS-CED-3-3-20260211-000000109,INVE-REF-CED-INV-3-3-20260211-000000108,"2026-02-11 15:20:36.307206","2026-03-13 15:20:36.307206",,176,STAR-1,INVENTARIOS,93.00,93.00,10,EMBARCADO
DO_TR0003340701,ST-00033407-IFA3Z931506,"2026-02-09 16:55:43.621571","2026-03-11 16:55:43.621571",,10,ST12,"Cliente contenido en la orden: DO_TR0003340701",45.00,45.00,17,EMBARCADO
DO_TR0003569301,ST-00035693-IFA3Z985838,"2026-03-09 12:00:08.934035","2026-04-08 12:00:08.934036",,4,ST01,"Cliente contenido en la orden: DO_TR0003239901",136.00,136.00,15,EMBARCADO
DO_117565300015,62528899-IFA3Z518224,"2026-02-24 10:20:32.608934","2026-03-26 10:20:32.608935",,3,ST10,COPPEL,60.00,50.00,9,EMBARCADO
DO_117553700005,62505299-IFA3Z975055,"2026-02-23 20:20:06.344817","2026-03-25 20:20:06.344818",,1,ST04,COPPEL,12.00,12.00,1,EMBARCADO
DO_117921311312,"GRABASA Q2 53% GUADALAJARA 100202441-IFA3Z637367","2026-03-17 20:20:02.969763","2026-04-16 20:20:02.969763",,1,ST01,"DISTRIBUIDORA DEPORTIVA BR",10.00,10.00,2,EMBARCADO
DO_TR0003341401,ST-00033414-IFA3Z748557,"2026-02-09 16:58:44.936686","2026-03-11 16:58:44.936686",,74,ST03,"Cliente contenido en la orden: DO_TR0003341401",445.00,364.00,96,EMBARCADO
d91faa91-4c8d-4061-8062-b689a66625dd,INVE-REF-CED-INV-3-3-20260211-0000005678,"2026-02-19 14:25:55.936234","2026-03-21 14:25:55.936234",,1,STAR-1,INVENTARIOS,19.00,14.00,2,EMBARCADO
DO_117924711312,"GRABASA 68% PACHUCA V2 100038888-IFA3Z449854","2026-03-18 06:20:05.280372","2026-04-17 06:20:05.280373",,2,ST05,"DISTRIBUIDORA DEPORTIVA BR",3.00,3.00,2,EMBARCADO
DO_TR0003458301,ST-00034583-IFA3Z409389,"2026-02-23 13:00:11.009549","2026-03-25 13:00:11.009549",,30,ST03,"Cliente contenido en la orden: DO_TR0003239901",3190.00,3178.00,289,EMBARCADO
SAL-3-3-20260116-000000224,"MARTI TRAS 31485-1","2026-01-16 16:09:40.53627","2026-02-15 16:09:40.536271",,33,ST01,DHL,348.00,348.00,33,EMBARCADO
SAL-3-3-20260119-000000233,"31612 SPORTPLACE","2026-01-19 09:36:04.080876","2026-02-18 09:36:04.080877",,59,ST01,DHL,694.00,608.00,51,EMBARCADO
SAL-3-3-20260119-000000244,"PROMODA 31078-2","2026-01-19 20:28:54.475036","2026-02-18 20:28:54.475037",,37,ST01,DHL,112.00,112.00,14,EMBARCADO
DO_TR0003240001,ST-00032400-IFA3Z967557,"2026-01-22 15:23:26.817246","2026-02-21 15:23:26.817247",,13,ST01,"Cliente contenido en la orden: DO_TR0003239901",610.00,600.00,74,EMBARCADO
b9b8c9e1-ceb2-4e5b-92c0-6069cec21e5b,INVE-REF-CED-INV-3-3-20260211-000000345,"2026-02-20 08:19:51.798476","2026-03-22 08:19:51.798476",,3,STAR-1,INVENTARIOS,29.00,29.00,3,EMBARCADO
DO_TR0003384601,ST-00033846-IFA3Z940471,"2026-02-13 13:00:11.913534","2026-03-15 13:00:11.913535",,1,ST01,"Cliente contenido en la orden: DO_TR0003384501",1.00,1.00,1,EMBARCADO
DO_TR0003309001,ST-00033090-IFA3Z634293,"2026-02-05 17:12:25.237739","2026-03-07 17:12:25.237739",,6,ST01,"Cliente contenido en la orden: DO_TR0003239901",8.00,7.00,5,EMBARCADO
DO_TR0003257701,ST-00032577-IFA3Z857416,"2026-01-26 16:58:57.709887","2026-02-25 16:58:57.709887",,81,ST01,"Cliente contenido en la orden: DO_TR0003239901",1109.00,1027.00,132,EMBARCADO
DO_TR0003309101,ST-00033091-IFA3Z353393,"2026-02-05 17:12:28.993502","2026-03-07 17:12:28.993503",,1,ST01,"Cliente contenido en la orden: DO_TR0003239901",23.00,23.00,2,EMBARCADO
INVS-CED-3-3-20260216-000000156,INVE-REF-CED-INV-3-3-20260216-000000155,"2026-02-16 09:45:13.444599","2026-03-18 09:45:13.444599",,1,STAR-1,INVENTARIOS,1.00,1.00,1,EMBARCADO
INVS-CED-3-3-20260209-000000080,INVE-REF-CED-INV-3-3-20260209-000000079,"2026-02-09 19:24:39.591772","2026-03-11 19:24:39.591772",,12,STAR-1,INVENTARIOS,36.00,36.00,3,EMBARCADO
INVS-CED-3-3-20260303-000000356,INVE-REF-CED-INV-3-3-20260303-000000355,"2026-03-03 16:01:08.630285","2026-04-02 16:01:08.630285",,1,STAR-1,INVENTARIOS,1.00,1.00,1,EMBARCADO
DO_117321511368,FEBRERO_O-IFA3Z866075,"2026-02-13 10:58:11.898647","2026-03-15 10:58:11.898647",,247,ST01,"PRIVALIA VENTA DIRECTA",2303.00,1437.00,387,EMBARCADO
DO_TR0003384501,ST-00033845-IFA3Z124142,"2026-02-13 13:00:09.085328","2026-03-15 13:00:09.085329",,4,ST02,"Cliente contenido en la orden: DO_TR0003384501",5.00,5.00,5,EMBARCADO
DO_117836111312,"GRABASA Q2 53% GUADALAJARA 100202441-IFA3Z180931","2026-03-13 15:20:03.269559","2026-04-12 15:20:03.26956",,5,ST01,"DISTRIBUIDORA DEPORTIVA BR",50.00,50.00,8,EMBARCADO
DO_TR0003243201,ST-00032432-IFA3Z206906,"2026-01-23 16:05:22.310971","2026-02-22 16:05:22.310972",,21,ST01,"Cliente contenido en la orden: DO_TR0003239901",411.00,411.00,48,EMBARCADO
DO_TR0003364701,ST-00033647-IFA3Z131977,"2026-02-11 12:00:23.636913","2026-03-13 12:00:23.636914",,158,ST03,"Cliente contenido en la orden: DO_TR0003239901",1570.00,237.00,88,EMBARCADO
38dc1a98-c8dc-464d-ab9b-90aa76488cbc,"COMPLETO JOERGIEBOY 33007","2026-02-03 18:01:07.912421","2026-03-05 18:01:07.912421",,5,STAR-1,ANDREA,36.00,36.00,6,EMBARCADO
DO_TR0003257601,ST-00032576-IFA3Z768277,"2026-01-26 16:58:46.218098","2026-02-25 16:58:46.218099",,11,ST02,"Cliente contenido en la orden: DO_TR0003239901",160.00,160.00,20,EMBARCADO
DO_TR0003263301,ST-00032633-IFA3Z512337,"2026-01-27 14:34:52.360734","2026-02-26 14:34:52.360735",,9,ST02,"Cliente contenido en la orden: DO_TR0003239901",357.00,353.00,37,EMBARCADO
DO_TR0003436401,ST-00034364-IFA3Z934390,"2026-02-19 15:00:10.300321","2026-03-21 15:00:10.300322",,7,ST01,"Cliente contenido en la orden: DO_TR0003239901",73.00,64.00,10,EMBARCADO
DO_TR0003282901,ST-00032829-IFA3Z133351,"2026-02-03 07:56:05.362316","2026-03-05 07:56:05.362317",,1,ST02,"Cliente contenido en la orden: DO_TR0003239901",84.00,84.00,6,EMBARCADO
DO_TR0003313901,ST-00033139-IFA3Z366783,"2026-02-05 17:12:29.853932","2026-03-07 17:12:29.853933",,6,ST03,"Cliente contenido en la orden: DO_TR0003239901",42.00,31.00,8,EMBARCADO
DO_TR0003314001,ST-00033140-IFA3Z253275,"2026-02-05 17:12:33.561657","2026-03-07 17:12:33.561657",,2,ST03,"Cliente contenido en la orden: DO_TR0003239901",44.00,44.00,5,EMBARCADO
DO_TR0003387401,ST-00033874-IFA3Z135015,"2026-02-13 14:02:09.293852","2026-03-15 14:02:09.293853",,26,ST02,"Cliente contenido en la orden: DO_TR0003239901",886.00,738.00,93,EMBARCADO
ab3ffa83-e4ca-4bcd-bfd4-9d807093411e,INVE-REF-CED-INV-3-3-20260211-000000346,"2026-02-20 08:26:55.658638","2026-03-22 08:26:55.658638",,1,STAR-1,INVENTARIOS,3.00,3.00,1,EMBARCADO
SAL-3-3-20260116-000000226,"TAF OLR 31261","2026-01-16 16:09:43.784723","2026-02-15 16:09:43.784724",,53,ST01,DHL,591.00,579.00,52,EMBARCADO
SAL-3-3-20260119-000000255,"DURADEL 31743","2026-01-19 21:09:28.002508","2026-02-18 21:09:28.002508",,20,ST01,DHL,115.00,114.00,19,EMBARCADO
DO_TR0003240101,ST-00032401-IFA3Z876461,"2026-01-22 15:23:30.043815","2026-02-21 15:23:30.043816",,11,ST01,"Cliente contenido en la orden: DO_TR0003239901",172.00,172.00,23,EMBARCADO
DO_TR0003283001,ST-00032830-IFA3Z922084,"2026-02-03 07:56:06.292844","2026-03-05 07:56:06.292844",,8,ST04,"Cliente contenido en la orden: DO_TR0003239901",212.00,208.00,23,EMBARCADO
SAL-3-3-20260119-000000249,"SUBURBIA 31486","2026-01-19 20:31:59.591101","2026-02-18 20:31:59.591101",,2,ST01,DHL,24.00,24.00,2,EMBARCADO
SAL-3-3-20260119-000000247,"MODERNA 31533 ","2026-01-19 20:31:59.664594","2026-02-18 20:31:59.664595",,2,ST01,DHL,14.00,12.00,1,EMBARCADO
DO_TR0003263401,ST-00032634-IFA3Z593083,"2026-01-27 14:34:58.575422","2026-02-26 14:34:58.575423",,20,ST03,"Cliente contenido en la orden: DO_TR0003239901",140.00,126.00,21,EMBARCADO
DO_TR0003243301,ST-00032433-IFA3Z303143,"2026-01-23 16:05:36.804977","2026-02-22 16:05:36.804978",,6,ST01,"Cliente contenido en la orden: DO_TR0003239901",76.00,76.00,10,EMBARCADO
INVS-CED-3-3-20260303-000000359,INVE-REF-CED-INV-3-3-20260303-000000358,"2026-03-03 17:47:27.560582","2026-04-02 17:47:27.560582",,1,STAR-1,INVENTARIOS,1.00,1.00,1,EMBARCADO
DO_TR0003378501,ST-00033785-IFA3Z224680,"2026-02-12 12:00:11.321312","2026-03-14 12:00:11.321314",,11,ST03,"Cliente contenido en la orden: DO_TR0003239901",132.00,111.00,18,EMBARCADO
DO_TR0003387601,ST-00033876-IFA3Z512191,"2026-02-13 14:02:39.171919","2026-03-15 14:02:39.17192",,28,ST04,"Cliente contenido en la orden: DO_TR0003239901",811.00,750.00,78,EMBARCADO
DO_TR0003523301,ST-00035233-IFA3Z795954,"2026-03-04 17:26:00.618587","2026-04-03 17:26:00.618587",,34,ST03,"Cliente contenido en la orden: DO_TR0003239901",1175.00,968.00,105,EMBARCADO
d287c66d-a217-498b-84f3-21e4805b9d54,INVE-REF-CED-INV-3-3-20260211-000000568,"2026-02-20 08:32:35.69966","2026-03-22 08:32:35.69966",,4,STAR-1,INVENTARIOS,5.00,5.00,4,EMBARCADO
INVS-CED-3-3-20260216-000000158,INVE-REF-CED-INV-3-3-20260216-000000157,"2026-02-16 14:40:31.702958","2026-03-18 14:40:31.702958",,12,STAR-1,INVENTARIOS,8.00,8.00,1,EMBARCADO
INVS-CED-3-3-20260307-000000543,INVE-REF-CED-INV-3-3-20260307-000000542,"2026-03-07 10:19:41.3643","2026-04-06 10:19:41.3643",,4,STAR-1,INVENTARIOS,11.00,11.00,1,EMBARCADO
SAL-3-3-20260119-000000256,"DURADEL 31743-1","2026-01-19 21:12:38.574279","2026-02-18 21:12:38.574279",,2,ST01,DHL,15.00,15.00,2,EMBARCADO
DO_TR0003240201,ST-00032402-IFA3Z351699,"2026-01-22 15:23:33.307876","2026-02-21 15:23:33.307877",,1,ST01,"Cliente contenido en la orden: DO_TR0003239901",49.00,49.00,5,EMBARCADO
DO_TR0003263501,ST-00032635-IFA3Z821305,"2026-01-27 14:35:11.25981","2026-02-26 14:35:11.25981",,3,ST01,"Cliente contenido en la orden: DO_TR0003239901",30.00,30.00,4,EMBARCADO
DO_TR0003283101,ST-00032831-IFA3Z382086,"2026-02-03 07:56:11.439673","2026-03-05 07:56:11.439674",,8,ST03,"Cliente contenido en la orden: DO_TR0003239901",183.00,183.00,19,EMBARCADO
DO_TR0003415701,ST-00034157-IFA3Z118886,"2026-02-18 12:00:10.297497","2026-03-20 12:00:10.297497",,10,ST03,"Cliente contenido en la orden: DO_TR0003239901",280.00,280.00,32,EMBARCADO
INVS-CED-3-3-20260228-000000256,INVE-REF-CED-INV-3-3-20260228-000000255,"2026-02-28 13:37:26.789877","2026-03-30 13:37:26.789877",,10,STAR-1,INVENTARIOS,11.00,10.00,5,EMBARCADO
DO_TR0003314101,ST-00033141-IFA3Z173935,"2026-02-05 17:12:35.118755","2026-03-07 17:12:35.118755",,9,ST02,"Cliente contenido en la orden: DO_TR0003239901",25.00,20.00,11,EMBARCADO
SAL-3-3-20260116-000000227,"SEARS 31084","2026-01-16 16:09:44.566824","2026-02-15 16:09:44.566825",,32,ST01,DHL,384.00,384.00,32,EMBARCADO
DO_TR0003323601,ST-00033236-IFA3Z537696,"2026-02-06 16:34:32.049168","2026-03-08 16:34:32.049169",,23,ST01,"Cliente contenido en la orden: DO_TR0003239901",118.00,99.00,46,EMBARCADO
INVS-CED-3-3-20260225-000000200,INVE-REF-CED-INV-3-3-20260225-000000199,"2026-02-25 08:06:30.937769","2026-03-27 08:06:30.937769",,8,STAR-1,INVENTARIOS,2.00,2.00,2,EMBARCADO
DO_TR0003378601,ST-00033786-IFA3Z890438,"2026-02-12 12:00:19.11322","2026-03-14 12:00:19.113221",,6,ST02,"Cliente contenido en la orden: DO_TR0003239901",372.00,372.00,33,EMBARCADO
DO_117553700021,62505299-IFA3Z707587,"2026-02-23 20:20:09.406391","2026-03-25 20:20:09.406392",,4,ST03,COPPEL,73.00,73.00,10,EMBARCADO
INVS-CED-3-3-20260228-000000245,INVE-REF-CED-INV-3-3-20260228-000000244,"2026-02-28 12:33:45.487543","2026-03-30 12:33:45.487543",,5,STAR-1,INVENTARIOS,12.00,10.00,1,EMBARCADO
DO_TR0003277301,ST-00032773-IFA3Z260316,"2026-01-29 16:43:32.612634","2026-02-28 16:43:32.612634",,146,ST02,"Cliente contenido en la orden: DO_TR0003239901",7639.00,7286.00,804,EMBARCADO
DO_TR0003283201,ST-00032832-IFA3Z893760,"2026-02-03 07:56:16.910868","2026-03-05 07:56:16.910868",,7,ST01,"Cliente contenido en la orden: DO_TR0003239901",360.00,360.00,37,EMBARCADO
DO_TR0003296201,ST-00032962-IFA3Z810722,"2026-02-03 13:26:07.847502","2026-03-05 13:26:07.847502",,12,ST01,"Cliente contenido en la orden: DO_TR0003239901",1065.00,1046.00,126,EMBARCADO
SAL-3-3-20260119-000000252,"MODERNA 31609","2026-01-19 20:31:59.627722","2026-02-18 20:31:59.627723",,1,ST01,DHL,3.00,3.00,1,EMBARCADO
DO_TR0003314201,ST-00033142-IFA3Z113957,"2026-02-05 17:12:40.793747","2026-03-07 17:12:40.793748",,2,ST01,"Cliente contenido en la orden: DO_TR0003239901",19.00,19.00,4,EMBARCADO
INVS-CED-3-3-20260207-000000038,INVE-REF-CED-INV-3-3-20260207-000000037,"2026-02-07 13:50:48.931033","2026-03-09 13:50:48.931033",,48,STAR-1,INVENTARIOS,13.00,13.00,2,EMBARCADO
DO_117565311372,62528899-IFA3Z473865,"2026-02-24 10:20:45.006175","2026-03-26 10:20:45.006176",,3,ST22,COPPEL,96.00,80.00,18,EMBARCADO
DO_117553811373,62505299-IFA3Z925554,"2026-02-23 20:20:15.595623","2026-03-25 20:20:15.595623",,2,ST04,COPPEL,36.00,36.00,6,EMBARCADO
INVS-CED-3-3-20260212-000000118,INVE-REF-CED-INV-3-3-20260212-000000117,"2026-02-12 15:17:40.380418","2026-03-14 15:17:40.380418",,21,STAR-1,INVENTARIOS,12.00,12.00,1,EMBARCADO
DO_TR0003387301,ST-00033873-IFA3Z864611,"2026-02-13 14:00:22.578154","2026-03-15 14:00:22.578154",,157,ST01,"Cliente contenido en la orden: DO_TR0003239901",542.00,487.00,189,EMBARCADO
cc2bed78-d435-4aa9-97be-cbfea4e0ce30,INVE-REF-CED-INV-3-3-20260211-000000573,"2026-02-25 16:55:03.938554","2026-03-27 16:55:03.938554",,1,STAR-1,INVENTARIOS,12.00,12.00,1,EMBARCADO
DO_TR0003522001,ST-00035220-IFA3Z974805,"2026-03-04 17:00:27.530779","2026-04-03 17:00:27.530779",,181,ST01,"Cliente contenido en la orden: DO_TR0003340501",810.00,777.00,226,EMBARCADO
DO_TR0003415801,ST-00034158-IFA3Z810855,"2026-02-18 12:00:19.12473","2026-03-20 12:00:19.124731",,4,ST01,"Cliente contenido en la orden: DO_TR0003239901",147.00,76.00,11,EMBARCADO
INVS-CED-3-3-20260308-000000759,INVE-REF-CED-INV-3-3-20260308-000000758,"2026-03-08 04:18:04.263793","2026-04-07 04:18:04.263793",,7,STAR-1,INVENTARIOS,4.00,4.00,1,EMBARCADO
INVS-CED-3-3-20260227-000000216,INVE-REF-CED-INV-3-3-20260227-000000215,"2026-02-27 08:40:47.96505","2026-03-29 08:40:47.96505",,18,STAR-1,INVENTARIOS,4.00,4.00,1,EMBARCADO
INVS-CED-3-3-20260308-000000696,INVE-REF-CED-INV-3-3-20260308-000000695,"2026-03-08 00:07:11.380362","2026-04-07 00:07:11.380362",,5,STAR-1,INVENTARIOS,53.00,53.00,5,EMBARCADO
DO_117569704751,"ENTREGA 20 DE MARZO_AJUSCO-IFA3Z509108","2026-02-24 14:20:06.02387","2026-03-26 14:20:06.023871",,13,ST25,TLAKATI,13.00,8.00,8,EMBARCADO
INVS-CED-3-3-20260217-000000163,INVE-REF-CED-INV-3-3-20260217-000000162,"2026-02-17 08:27:42.12606","2026-03-19 08:27:42.12606",,13,STAR-1,INVENTARIOS,132.00,132.00,11,EMBARCADO
INVS-CED-3-3-20260305-000000386,INVE-REF-CED-INV-3-3-20260305-000000385,"2026-03-05 17:00:50.038765","2026-04-04 17:00:50.038765",,10,STAR-1,INVENTARIOS,1.00,1.00,1,EMBARCADO
INVS-CED-3-3-20260211-000000106,INVE-REF-CED-INV-3-3-20260211-000000105,"2026-02-11 13:17:34.445236","2026-03-13 13:17:34.445236",,52,STAR-1,INVENTARIOS,18.00,18.00,2,EMBARCADO
INVS-CED-3-3-20260228-000000269,INVE-REF-CED-INV-3-3-20260228-000000268,"2026-02-28 16:36:37.580041","2026-03-30 16:36:37.580041",,11,STAR-1,INVENTARIOS,55.00,55.00,11,EMBARCADO
DO_TR0003283301,ST-00032833-IFA3Z791519,"2026-02-03 07:56:21.789079","2026-03-05 07:56:21.789079",,13,ST01,"Cliente contenido en la orden: DO_TR0003239901",1602.00,1601.00,144,EMBARCADO
DO_TR0003378701,ST-00033787-IFA3Z420993,"2026-02-12 12:00:24.827798","2026-03-14 12:00:24.827799",,14,ST01,"Cliente contenido en la orden: DO_TR0003239901",467.00,177.00,24,EMBARCADO
INVS-CED-3-3-20260228-000000257,INVE-REF-CED-INV-3-3-20260228-000000256,"2026-02-28 13:38:16.901378","2026-03-30 13:38:16.901378",,9,STAR-1,INVENTARIOS,32.00,32.00,3,EMBARCADO
SAL-3-3-20260119-000000250,"MODERNA 31533","2026-01-19 20:31:59.683304","2026-02-18 20:31:59.683305",,3,ST01,DHL,5.00,5.00,3,EMBARCADO
DO_TR0003434401,ST-00034344-IFA3Z509597,"2026-02-19 12:48:16.522797","2026-03-21 12:48:16.522798",,14,ST02,"Cliente contenido en la orden: DO_TR0003239901",1414.00,1340.00,131,EMBARCADO
INVS-CED-3-3-20260224-000000186,INVE-REF-CED-INV-3-3-20260224-000000185,"2026-02-24 09:40:44.330884","2026-03-26 09:40:44.330884",,22,STAR-1,INVENTARIOS,59.00,59.00,6,EMBARCADO
DO_117553911372,62505299-IFA3Z959556,"2026-02-23 20:20:22.062156","2026-03-25 20:20:22.062156",,1,ST06,COPPEL,24.00,24.00,2,EMBARCADO
DO_TR0003239901,ST-00032399-IFA3Z827752,"2026-01-22 13:11:38.823212","2026-02-21 13:11:38.823213",,40,ST01,"Cliente contenido en la orden: DO_TR0003239901",4847.00,4811.00,434,EMBARCADO
INVS-CED-3-3-20260205-000000012,INVE-REF-CED-INV-3-3-20260205-000000011,"2026-02-05 19:25:19.995436","2026-03-07 19:25:19.995436",,12,STAR-1,INVENTARIOS,12.00,12.00,1,EMBARCADO
DO_TR0003429401,ST-00034294-IFA3Z756573,"2026-02-18 22:01:12.072727","2026-03-20 22:01:12.072728",,96,ST01,"Cliente contenido en la orden: DO_TR0003340601",460.00,389.00,128,EMBARCADO
DO_117553900019,62505299-IFA3Z595309,"2026-02-23 20:20:20.682343","2026-03-25 20:20:20.682344",,2,ST08,COPPEL,36.00,36.00,3,EMBARCADO
INVS-CED-3-3-20260224-000000195,INVE-REF-CED-INV-3-3-20260224-000000194,"2026-02-24 14:32:59.50857","2026-03-26 14:32:59.50857",,20,STAR-1,INVENTARIOS,14.00,14.00,2,EMBARCADO
INVS-CED-3-3-20260214-000000145,INVE-REF-CED-INV-3-3-20260214-000000144,"2026-02-14 06:44:34.799258","2026-03-16 06:44:34.799258",,49,STAR-1,INVENTARIOS,17.00,17.00,3,EMBARCADO
INVS-CED-3-3-20260302-000000342,INVE-REF-CED-INV-3-3-20260302-000000341,"2026-03-02 10:53:49.3984","2026-04-01 10:53:49.3984",,4,STAR-1,INVENTARIOS,30.00,30.00,4,EMBARCADO
INVS-CED-3-3-20260213-000000129,INVE-REF-CED-INV-3-3-20260213-000000128,"2026-02-13 08:47:05.021077","2026-03-15 08:47:05.021077",,64,STAR-1,INVENTARIOS,60.00,60.00,5,EMBARCADO
SAL-3-3-20260119-000000254,"ATLETICOS 31607","2026-01-19 20:32:01.16768","2026-02-18 20:32:01.167681",,4,ST01,DHL,48.00,48.00,4,EMBARCADO
INVS-CED-3-3-20260212-000000119,INVE-REF-CED-INV-3-3-20260212-000000118,"2026-02-12 15:18:32.824106","2026-03-14 15:18:32.824106",,22,STAR-1,INVENTARIOS,60.00,60.00,7,EMBARCADO
DO_TR0003475501,ST-00034755-IFA3Z469524,"2026-02-25 12:00:12.13924","2026-03-27 12:00:12.13924",,17,ST01,"Cliente contenido en la orden: DO_TR0003239901",180.00,180.00,26,EMBARCADO
SAL-3-3-20260116-000000223,"MARTI 31083","2026-01-16 15:53:30.439717","2026-02-15 15:53:30.439718",,167,ST01,DHL,1891.00,1843.00,163,EMBARCADO
INVS-CED-3-3-20260307-000000399,INVE-REF-CED-INV-3-3-20260307-000000398,"2026-03-07 00:08:38.256882","2026-04-06 00:08:38.256882",,10,STAR-1,INVENTARIOS,2.00,2.00,1,EMBARCADO
INVS-CED-3-3-20260307-000000441,INVE-REF-CED-INV-3-3-20260307-000000440,"2026-03-07 02:38:18.058722","2026-04-06 02:38:18.058722",,6,STAR-1,INVENTARIOS,5.00,5.00,1,EMBARCADO
DO_117553810824,62505299-IFA3Z526807,"2026-02-23 20:20:12.179683","2026-03-25 20:20:12.179683",,4,ST04,COPPEL,120.00,120.00,14,EMBARCADO
INVS-CED-3-3-20260308-000000915,INVE-REF-CED-INV-3-3-20260308-000000914,"2026-03-08 13:56:38.586408","2026-04-07 13:56:38.586408",,8,STAR-1,INVENTARIOS,82.00,82.00,8,EMBARCADO
INVS-CED-3-3-20260224-000000181,INVE-REF-CED-INV-3-3-20260224-000000180,"2026-02-24 08:09:35.185187","2026-03-26 08:09:35.185187",,24,STAR-1,INVENTARIOS,107.00,107.00,9,EMBARCADO
SAL-3-3-20260116-000000216,"ATLETICOS TRAS 31482","2026-01-16 13:44:24.582767","2026-02-15 13:44:24.582768",,209,ST01,DHL,2335.00,2335.00,209,EMBARCADO
SAL-3-3-20260119-000000246,MRTENIS31610,"2026-01-19 20:31:59.739995","2026-02-18 20:31:59.739996",,24,ST01,DHL,220.00,112.00,15,EMBARCADO
DO_TR0003243401,ST-00032434-IFA3Z381148,"2026-01-23 16:05:44.257275","2026-02-22 16:05:44.257276",,47,ST01,"Cliente contenido en la orden: DO_TR0003239901",472.00,472.00,74,EMBARCADO
DO_TR0003412201,ST-00034122-IFA3Z377671,"2026-02-18 11:00:32.126263","2026-03-20 11:00:32.126263",,6,ST05,"Cliente contenido en la orden: DO_TR0003239901",420.00,420.00,37,EMBARCADO
INVS-CED-3-3-20260209-000000074,INVE-REF-CED-INV-3-3-20260209-000000073,"2026-02-11 17:58:22.565178","2026-03-13 17:58:22.565178",,201,STAR-1,INVENTARIOS,88.00,88.00,11,EMBARCADO
INVS-CED-3-3-20260205-000000013,INVE-REF-CED-INV-3-3-20260205-000000012,"2026-02-05 19:27:00.688024","2026-03-07 19:27:00.688024",,9,STAR-1,INVENTARIOS,16.00,16.00,5,EMBARCADO
INVS-CED-3-3-20260223-000000168,INVE-REF-CED-INV-3-3-20260223-000000167,"2026-02-23 10:21:27.559499","2026-03-25 10:21:27.559499",,17,STAR-1,INVENTARIOS,12.00,12.00,1,EMBARCADO
INVS-CED-3-3-20260228-000000339,INVE-REF-CED-INV-3-3-20260228-000000338,"2026-02-28 17:58:22.049164","2026-03-30 17:58:22.049164",,21,STAR-1,INVENTARIOS,20.00,20.00,7,EMBARCADO
DO_TR0003303201,ST-00033032-IFA3Z614746,"2026-02-04 13:21:30.356491","2026-03-06 13:21:30.356491",,21,ST04,"Cliente contenido en la orden: DO_TR0003239901",104.00,93.00,21,EMBARCADO
DO_TR0003458401,ST-00034584-IFA3Z228325,"2026-02-23 13:00:30.075243","2026-03-25 13:00:30.075243",,5,ST02,"Cliente contenido en la orden: DO_TR0003239901",228.00,180.00,15,EMBARCADO
DO_TR0003460801,ST-00034608-IFA3Z519668,"2026-02-23 18:00:10.910452","2026-03-25 18:00:10.910453",,32,ST04,"Cliente contenido en la orden: DO_TR0003239901",994.00,994.00,108,EMBARCADO
INVS-CED-3-3-20260227-000000231,INVE-REF-CED-INV-3-3-20260227-000000230,"2026-02-27 12:22:34.926682","2026-03-29 12:22:34.926682",,5,STAR-1,INVENTARIOS,40.00,40.00,5,EMBARCADO
INVS-CED-3-3-20260305-000000380,INVE-REF-CED-INV-3-3-20260305-000000379,"2026-03-05 08:45:30.966582","2026-04-04 08:45:30.966582",,1,STAR-1,INVENTARIOS,12.00,12.00,1,EMBARCADO
INVS-CED-3-3-20260209-000000084,INVE-REF-CED-INV-3-3-20260209-000000083,"2026-02-09 19:40:38.211326","2026-03-11 19:40:38.211326",,96,STAR-1,INVENTARIOS,29.00,29.00,4,EMBARCADO
DO_TR0003303301,ST-00033033-IFA3Z800321,"2026-02-04 13:21:44.970187","2026-03-06 13:21:44.970188",,63,ST03,"Cliente contenido en la orden: DO_TR0003239901",246.00,232.00,84,EMBARCADO
INVS-CED-3-3-20260213-000000140,INVE-REF-CED-INV-3-3-20260213-000000139,"2026-02-13 16:53:00.877983","2026-03-15 16:53:00.877983",,60,STAR-1,INVENTARIOS,453.00,453.00,39,EMBARCADO
INVS-CED-3-3-20260212-000000120,INVE-REF-CED-INV-3-3-20260212-000000119,"2026-02-12 15:22:00.489211","2026-03-14 15:22:00.489211",,23,STAR-1,INVENTARIOS,21.00,21.00,4,EMBARCADO
INVS-CED-3-3-20260207-000000037,INVE-REF-CED-INV-3-3-20260207-000000036,"2026-02-07 13:48:27.314769","2026-03-09 13:48:27.314769",,113,STAR-1,INVENTARIOS,135.00,135.00,13,EMBARCADO
DO_TR0003459801,ST-00034598-IFA3Z462040,"2026-02-23 16:00:11.041709","2026-03-25 16:00:11.04171",,29,ST01,"Cliente contenido en la orden: DO_TR0003239901",1064.00,1064.00,107,EMBARCADO
INVS-CED-3-3-20260307-000000400,INVE-REF-CED-INV-3-3-20260307-000000399,"2026-03-07 00:10:12.166","2026-04-06 00:10:12.166",,10,STAR-1,INVENTARIOS,15.00,15.00,1,EMBARCADO
INVS-CED-3-3-20260308-000001059,INVE-REF-CED-INV-3-3-20260308-000001058,"2026-03-08 17:03:25.203756","2026-04-07 17:03:25.203756",,2,STAR-1,INVENTARIOS,6.00,6.00,1,EMBARCADO
INVS-CED-3-3-20260228-000000246,INVE-REF-CED-INV-3-3-20260228-000000245,"2026-02-28 12:34:31.742612","2026-03-30 12:34:31.742612",,17,STAR-1,INVENTARIOS,22.00,22.00,4,EMBARCADO
DO_TR0003243501,ST-00032435-IFA3Z328047,"2026-01-23 16:06:15.1632","2026-02-22 16:06:15.163201",,24,ST01,"Cliente contenido en la orden: DO_TR0003239901",393.00,393.00,51,EMBARCADO
DO_TR0003354501,ST-00033545-IFA3Z261063,"2026-02-11 10:11:22.194533","2026-03-13 10:11:22.194534",,6,ST02,"Cliente contenido en la orden: DO_TR0003239901",712.00,618.00,55,EMBARCADO
DO_TR0003434501,ST-00034345-IFA3Z219490,"2026-02-19 12:48:25.952545","2026-03-21 12:48:25.952545",,6,ST03,"Cliente contenido en la orden: DO_TR0003239901",1760.00,1750.00,163,EMBARCADO
INVS-CED-3-3-20260309-000001189,INVE-REF-CED-INV-3-3-20260309-000001188,"2026-03-09 04:09:07.036368","2026-04-08 04:09:07.036368",,1,STAR-1,INVENTARIOS,12.00,12.00,1,EMBARCADO
INVS-CED-3-3-20260223-000000171,INVE-REF-CED-INV-3-3-20260223-000000170,"2026-02-23 12:25:50.715069","2026-03-25 12:25:50.715069",,24,STAR-1,INVENTARIOS,20.00,20.00,2,EMBARCADO
DO_117565300004,62528899-IFA3Z841538,"2026-02-24 10:20:30.310905","2026-03-26 10:20:30.310906",,3,ST10,COPPEL,60.00,57.00,11,EMBARCADO
INVS-CED-3-3-20260303-000000351,INVE-REF-CED-INV-3-3-20260303-000000350,"2026-03-03 10:02:40.712806","2026-04-02 10:02:40.712806",,12,STAR-1,INVENTARIOS,100.00,100.00,6,EMBARCADO
INVS-CED-3-3-20260307-000000546,INVE-REF-CED-INV-3-3-20260307-000000545,"2026-03-07 10:39:38.446137","2026-04-06 10:39:38.446137",,7,STAR-1,INVENTARIOS,9.00,9.00,1,EMBARCADO
DO_117553810826,62505299-IFA3Z455344,"2026-02-23 20:20:14.77067","2026-03-25 20:20:14.770671",,1,ST04,COPPEL,9.00,9.00,2,EMBARCADO
INVS-CED-3-3-20260228-000000258,INVE-REF-CED-INV-3-3-20260228-000000257,"2026-02-28 13:39:23.877203","2026-03-30 13:39:23.877203",,12,STAR-1,INVENTARIOS,126.00,126.00,12,EMBARCADO
DO_TR0003468401,ST-00034684-IFA3Z547363,"2026-02-24 13:00:15.626071","2026-03-26 13:00:15.626072",,93,ST02,"Cliente contenido en la orden: DO_TR0003239901",1638.00,1185.00,148,EMBARCADO
INVS-CED-3-3-20260205-000000016,INVE-REF-CED-INV-3-3-20260205-000000015,"2026-02-05 19:30:34.716704","2026-03-07 19:30:34.716704",,4,STAR-1,INVENTARIOS,5.00,5.00,2,EMBARCADO
INVS-CED-3-3-20260207-000000039,INVE-REF-CED-INV-3-3-20260207-000000038,"2026-02-07 15:09:01.200984","2026-03-09 15:09:01.200984",,138,STAR-1,INVENTARIOS,22.00,22.00,3,EMBARCADO
DO_TR0003270201,ST-00032702-IFA3Z541136,"2026-01-29 16:42:17.024467","2026-02-28 16:42:17.024467",,107,ST01,"Cliente contenido en la orden: DO_TR0003239901",437.00,398.00,110,EMBARCADO
DO_TR0003296401,ST-00032964-IFA3Z993222,"2026-02-03 13:26:15.736235","2026-03-05 13:26:15.736235",,28,ST01,"Cliente contenido en la orden: DO_TR0003239901",369.00,352.00,52,EMBARCADO
SAL-3-3-20260116-000000217,"HERMANOS BATTA 31082-1","2026-01-16 15:38:43.54489","2026-02-15 15:38:43.544891",,280,ST01,DHL,3360.00,3360.00,280,EMBARCADO
DO_TR0003303601,ST-00033036-IFA3Z212524,"2026-02-04 13:22:37.02958","2026-03-06 13:22:37.02958",,4,ST01,"Cliente contenido en la orden: DO_TR0003239901",21.00,17.00,4,EMBARCADO
DO_TR0003296501,ST-00032965-IFA3Z228238,"2026-02-03 13:26:32.513416","2026-03-05 13:26:32.513417",,2,ST01,"Cliente contenido en la orden: DO_TR0003239901",136.00,136.00,13,EMBARCADO
INVS-CED-3-3-20260224-000000182,INVE-REF-CED-INV-3-3-20260224-000000181,"2026-02-24 08:37:03.357129","2026-03-26 08:37:03.357129",,29,STAR-1,INVENTARIOS,72.00,72.00,6,EMBARCADO
DO_117565210821,62528899-IFA3Z193428,"2026-02-24 10:20:18.493708","2026-03-26 10:20:18.493708",,1,ST07,COPPEL,12.00,12.00,3,EMBARCADO
DO_117553900015,62505299-IFA3Z126479,"2026-02-23 20:20:17.801208","2026-03-25 20:20:17.801209",,2,ST02,COPPEL,23.00,23.00,3,EMBARCADO
DO_TR0003270301,ST-00032703-IFA3Z597364,"2026-01-29 16:43:22.139276","2026-02-28 16:43:22.139277",,8,ST02,"Cliente contenido en la orden: DO_TR0003239901",143.00,143.00,18,EMBARCADO
SAL-3-3-20260119-000000230,"31610 MR TENNIS","2026-01-19 09:35:59.216072","2026-02-18 09:35:59.216073",,273,ST01,DHL,2808.00,2802.00,272,EMBARCADO
DO_117565300019,62528899-IFA3Z968982,"2026-02-24 10:20:37.860306","2026-03-26 10:20:37.860307",,5,ST25,COPPEL,108.00,94.00,23,EMBARCADO
DO_117565210824,62528899-IFA3Z429035,"2026-02-24 10:20:19.52021","2026-03-26 10:20:19.52021",,5,ST07,COPPEL,221.00,185.00,28,EMBARCADO
DO_117565300016,62528899-IFA3Z487434,"2026-02-24 10:20:34.882354","2026-03-26 10:20:34.882354",,4,ST11,COPPEL,120.00,103.00,21,EMBARCADO
DO_TR0003430001,ST-00034300-IFA3Z828139,"2026-02-18 22:04:00.104578","2026-03-20 22:04:00.104578",,13,ST04,"Cliente contenido en la orden: DO_TR0003341201",60.00,57.00,15,EMBARCADO
DO_117565210825,62528899-IFA3Z864126,"2026-02-24 10:20:22.963655","2026-03-26 10:20:22.963655",,4,ST07,COPPEL,48.00,25.00,10,EMBARCADO
SAL-3-3-20260116-000000215,"grabasa 31081","2026-01-16 13:44:22.980085","2026-02-15 13:44:22.980086",,116,ST01,DHL,1389.00,1377.00,115,EMBARCADO
DO_TR0003489801,ST-00034898-IFA3Z245230,"2026-02-27 10:00:05.741861","2026-03-29 10:00:05.741862",,3,ST03,"Cliente contenido en la orden: DO_TR0003239901",251.00,251.00,26,EMBARCADO
DO_TR0003243601,ST-00032436-IFA3Z564702,"2026-01-23 16:06:32.269033","2026-02-22 16:06:32.269034",,18,ST01,"Cliente contenido en la orden: DO_TR0003239901",106.00,101.00,34,EMBARCADO
DO_117565310822,62528899-IFA3Z129942,"2026-02-24 10:20:41.360947","2026-03-26 10:20:41.360948",,4,ST15,COPPEL,72.00,55.00,11,EMBARCADO
DO_TR0003493601,ST-00034936-IFA3Z486999,"2026-02-27 13:00:09.582605","2026-03-29 13:00:09.582606",,16,ST05,"Cliente contenido en la orden: DO_TR0003239901",215.00,209.00,52,EMBARCADO
DO_TR0003485501,ST-00034855-IFA3Z217611,"2026-02-26 10:00:07.739327","2026-03-28 10:00:07.739327",,20,ST12,"Cliente contenido en la orden: DO_TR0003239901",1858.00,1805.00,166,EMBARCADO
DO_117565310823,62528899-IFA3Z361568,"2026-02-24 10:20:44.085437","2026-03-26 10:20:44.085438",,1,ST23,COPPEL,12.00,12.00,2,EMBARCADO
DO_TR0003243701,ST-00032437-IFA3Z851106,"2026-01-23 16:06:45.504077","2026-02-22 16:06:45.504077",,13,ST01,"Cliente contenido en la orden: DO_TR0003239901",268.00,208.00,24,EMBARCADO
DO_TR0003354701,ST-00033547-IFA3Z567638,"2026-02-11 10:11:26.297661","2026-03-13 10:11:26.297661",,4,ST03,"Cliente contenido en la orden: DO_TR0003239901",591.00,515.00,46,EMBARCADO
DO_117565210826,62528899-IFA3Z250993,"2026-02-24 10:20:25.693834","2026-03-26 10:20:25.693834",,1,ST07,COPPEL,12.00,12.00,2,EMBARCADO
SAL-3-3-20260119-000000231,"31745 MARTI","2026-01-19 09:36:01.753202","2026-02-18 09:36:01.753202",,63,ST01,DHL,755.00,755.00,63,EMBARCADO
DO_117565100005,62528899-IFA3Z242507,"2026-02-24 10:20:08.232946","2026-03-26 10:20:08.232947",,3,ST02,COPPEL,60.00,58.00,10,EMBARCADO
DO_TR0003358601,ST-00033586-IFA3Z972418,"2026-02-11 10:11:44.968542","2026-03-13 10:11:44.968542",,4,ST04,"Cliente contenido en la orden: DO_TR0003239901",21.00,21.00,6,EMBARCADO
DO_117553900016,62505299-IFA3Z253780,"2026-02-23 20:20:19.240852","2026-03-25 20:20:19.240853",,2,ST02,COPPEL,36.00,36.00,4,EMBARCADO
DO_117565400022,62528899-IFA3Z366068,"2026-02-24 10:20:47.668959","2026-03-26 10:20:47.668959",,6,ST11,COPPEL,275.00,275.00,38,EMBARCADO
SAL-3-3-20260116-000000214,"HERMANOS BATTA 31082","2026-01-16 13:44:21.320342","2026-02-15 13:44:21.320343",,70,ST01,DHL,840.00,840.00,70,EMBARCADO
DO_TR0003341201,ST-00033412-IFA3Z387937,"2026-02-09 16:57:50.778497","2026-03-11 16:57:50.778498",,65,ST07,"Cliente contenido en la orden: DO_TR0003341201",450.00,364.00,106,EMBARCADO
DO_117565211373,62528899-IFA3Z680659,"2026-02-24 10:20:26.759526","2026-03-26 10:20:26.759526",,5,ST07,COPPEL,84.00,77.00,18,EMBARCADO
DO_117565100021,62528899-IFA3Z443435,"2026-02-24 10:20:13.505368","2026-03-26 10:20:13.505368",,4,ST01,COPPEL,120.00,119.00,22,EMBARCADO
SAL-3-3-20260116-000000229,"MERCADO LIBRE TRAS 31263","2026-01-16 16:09:42.205272","2026-02-15 16:09:42.205273",,12,ST02,DHL,138.00,138.00,12,EMBARCADO
DO_TR0003412501,ST-00034125-IFA3Z603750,"2026-02-18 11:01:02.871088","2026-03-20 11:01:02.871088",,15,ST02,"Cliente contenido en la orden: DO_TR0003239901",1708.00,1708.00,166,EMBARCADO
DO_TR0003244201,ST-00032442-IFA3Z633013,"2026-01-23 16:06:55.001741","2026-02-22 16:06:55.001741",,23,ST01,"Cliente contenido en la orden: DO_TR0003239901",2907.00,2907.00,254,EMBARCADO
DO_117565200017,62528899-IFA3Z491753,"2026-02-24 10:20:16.388149","2026-03-26 10:20:16.38815",,3,ST07,COPPEL,18.00,18.00,6,EMBARCADO
DO_117570004751,"ENTREGA 20 DE MARZO_POLANCO 1-IFA3Z174108","2026-02-24 14:20:49.500074","2026-03-26 14:20:49.500075",,6,ST06,TLAKATI,6.00,5.00,5,EMBARCADO
SAL-3-3-20260116-000000218,"MARTI  TRASLADO 31260","2026-01-16 15:38:46.074763","2026-02-15 15:38:46.074763",,149,ST01,DHL,1737.00,1737.00,149,EMBARCADO
DO_TR0003303401,ST-00033034-IFA3Z158561,"2026-02-04 13:22:30.737375","2026-03-06 13:22:30.737376",,9,ST02,"Cliente contenido en la orden: DO_TR0003239901",300.00,300.00,32,EMBARCADO
DO_TR0003412401,ST-00034124-IFA3Z213184,"2026-02-18 11:00:38.730834","2026-03-20 11:00:38.730834",,37,ST04,"Cliente contenido en la orden: DO_TR0003239901",368.00,337.00,88,EMBARCADO
DO_TR0003440001,ST-00034400-IFA3Z295713,"2026-02-19 17:02:48.031593","2026-03-21 17:02:48.031594",,25,ST03,"Cliente contenido en la orden: DO_TR0003239901",2453.00,2138.00,200,EMBARCADO
DO_TR0003486501,ST-00034865-IFA3Z242141,"2026-02-26 11:00:08.623283","2026-03-28 11:00:08.623284",,2,ST29,"Cliente contenido en la orden: DO_TR0003239901",4.00,4.00,2,EMBARCADO
DO_117565100012,62528899-IFA3Z290675,"2026-02-24 10:20:10.561391","2026-03-26 10:20:10.561391",,4,ST02,COPPEL,132.00,120.00,22,EMBARCADO
6022cce3-1564-4cf1-9fed-eec17bb770d3,INVE-REF-CED-INV-3-3-20260210-0000000R27,"2026-02-18 16:27:34.723928","2026-03-20 16:27:34.723928",,5,STAR-1,INVENTARIOS,25.00,25.00,5,EMBARCADO
SAL-3-3-20260116-000000213,"AMAZON 31080","2026-01-16 13:44:19.561022","2026-02-15 13:44:19.561023",,38,ST01,DHL,429.00,429.00,38,EMBARCADO
SAL-3-3-20260119-000000234,"31745 MARTI-1","2026-01-19 09:57:41.820479","2026-02-18 09:57:41.82048",,443,ST01,DHL,5264.00,5252.00,442,EMBARCADO
SAL-3-3-20260116-000000221,"MARTI  TRASLADO 31260-1","2026-01-16 15:53:27.161549","2026-02-15 15:53:27.16155",,254,ST01,DHL,2900.00,2900.00,254,EMBARCADO
DO_117430711405,SP-FEB-CHALCO-IFA3Z863787,"2026-02-16 22:20:12.371568","2026-03-18 22:20:12.371568",,17,ST12,"SPORTS SOLUTIONS",30.00,29.00,19,EMBARCADO
DO_TR0003523101,ST-00035231-IFA3Z136084,"2026-03-04 17:24:23.300974","2026-04-03 17:24:23.300975",,7,ST01,"Cliente contenido en la orden: DO_TR0003281001",519.00,499.00,49,EMBARCADO
DO_TR0003474601,ST-00034746-IFA3Z529303,"2026-02-25 11:00:09.342401","2026-03-27 11:00:09.342401",,12,ST01,"Cliente contenido en la orden: DO_TR0003384501",1871.00,1749.00,192,EMBARCADO
SAL-3-3-20260119-000000232,"31743 DURADEL","2026-01-19 09:36:02.9128","2026-02-18 09:36:02.912801",,62,ST01,DHL,485.00,485.00,66,EMBARCADO
SAL-3-3-20260116-000000222,"MARTI TRAS 31485","2026-01-16 15:53:30.208656","2026-02-15 15:53:30.208656",,12,ST01,DHL,135.00,135.00,12,EMBARCADO
SAL-3-3-20260119-000000236,"GRABASA 1167942","2026-01-19 10:20:29.438037","2026-02-18 10:20:29.438038",,7,ST01,DHL,61.00,61.00,7,EMBARCADO
SAL-3-3-20260119-000000239,"PRICE SHOES 31786","2026-01-19 18:25:40.191385","2026-02-18 18:25:40.191386",,248,ST01,DHL,2912.00,2912.00,248,EMBARCADO
DO_TR0003244301,ST-00032443-IFA3Z705214,"2026-01-23 16:07:10.708889","2026-02-22 16:07:10.708889",,26,ST01,"Cliente contenido en la orden: DO_TR0003239901",1173.00,1168.00,120,EMBARCADO
DO_117553700012,62505299-IFA3Z265189,"2026-02-23 20:20:07.245912","2026-03-25 20:20:07.245913",,3,ST02,COPPEL,60.00,60.00,8,EMBARCADO
DO_TR0003471301,ST-00034713-IFA3Z326275,"2026-02-24 15:00:10.141051","2026-03-26 15:00:10.141052",,12,ST02,"Cliente contenido en la orden: DO_TR0003281001",388.00,388.00,38,EMBARCADO
SAL-3-3-20260119-000000237,"GRABASA 1167934 ","2026-01-19 10:20:29.569346","2026-02-18 10:20:29.569347",,6,ST01,DHL,36.00,36.00,6,EMBARCADO
DO_TR0003414601,ST-00034146-IFA3Z242104,"2026-02-18 11:01:14.060931","2026-03-20 11:01:14.060931",,25,ST08,"Cliente contenido en la orden: DO_TR0003239901",74.00,69.00,29,EMBARCADO
DO_117430811402,SP-FEB-CHALCO3-IFA3Z936208,"2026-02-16 22:20:23.548313","2026-03-18 22:20:23.548313",,12,ST11,"SPORTS SOLUTIONS",17.00,16.00,11,EMBARCADO
DO_TR0003244401,ST-00032444-IFA3Z872399,"2026-01-23 16:07:27.73823","2026-02-22 16:07:27.73823",,8,ST01,"Cliente contenido en la orden: DO_TR0003239901",288.00,288.00,31,EMBARCADO
DO_TR0003340501,ST-00033405-IFA3Z974616,"2026-02-09 16:54:11.773737","2026-03-11 16:54:11.773738",,56,ST04,"Cliente contenido en la orden: DO_TR0003340501",315.00,260.00,75,EMBARCADO
DO_117697000005,62678899-IFA3Z438594,"2026-03-03 10:20:08.031396","2026-04-02 10:20:08.031397",,6,ST01,COPPEL,288.00,194.00,21,EMBARCADO
DO_TR0003340801,ST-00033408-IFA3Z445431,"2026-02-09 16:55:50.97218","2026-03-11 16:55:50.97218",,16,ST11,"Cliente contenido en la orden: DO_TR0003340801",120.00,110.00,39,EMBARCADO
DO_117430911398,SP-FEB-CUAUTITLAN-IFA3Z949984,"2026-02-16 22:20:32.156132","2026-03-18 22:20:32.156133",,13,ST10,"SPORTS SOLUTIONS",18.00,18.00,14,EMBARCADO
SAL-3-3-20260116-000000228,"PROMODA 31078-1","2026-01-16 16:09:45.334916","2026-02-15 16:09:45.334917",,205,ST01,DHL,2194.00,2117.00,197,EMBARCADO
SAL-3-3-20260119-000000235,"GRABASA 1167935","2026-01-19 10:20:29.401194","2026-02-18 10:20:29.401195",,15,ST01,DHL,116.00,116.00,15,EMBARCADO
DO_TR0003479201,ST-00034792-IFA3Z459684,"2026-02-25 15:00:55.360658","2026-03-27 15:00:55.360659",,100,ST08,"Cliente contenido en la orden: DO_TR0003239901",1113.00,873.00,169,EMBARCADO
DO_TR0003489901,ST-00034899-IFA3Z569910,"2026-02-27 10:00:08.233363","2026-03-29 10:00:08.233363",,5,ST04,"Cliente contenido en la orden: DO_TR0003239901",102.00,102.00,11,EMBARCADO
DO_117697000012,62678899-IFA3Z237549,"2026-03-03 10:20:12.131744","2026-04-02 10:20:12.131745",,5,ST02,COPPEL,84.00,43.00,5,EMBARCADO
DO_TR0003244501,ST-00032445-IFA3Z397847,"2026-01-23 16:07:34.104974","2026-02-22 16:07:34.104975",,24,ST01,"Cliente contenido en la orden: DO_TR0003239901",88.00,88.00,24,EMBARCADO
DO_TR0003340901,ST-00033409-IFA3Z587432,"2026-02-09 16:56:01.82929","2026-03-11 16:56:01.82929",,3,ST10,"Cliente contenido en la orden: DO_TR0003340901",13.00,7.00,3,EMBARCADO
INVS-CED-3-3-20260227-000000218,INVE-REF-CED-INV-3-3-20260227-000000217,"2026-02-27 08:49:45.543327","2026-03-29 08:49:45.543327",,43,STAR-1,INVENTARIOS,6.00,6.00,2,EMBARCADO
INVS-CED-3-3-20260228-000000329,INVE-REF-CED-INV-3-3-20260228-000000328,"2026-02-28 17:36:55.504154","2026-03-30 17:36:55.504154",,27,STAR-1,INVENTARIOS,53.00,53.00,6,EMBARCADO
DO_117570104751,"ENTREGA 20 DE MARZO_POLANCO 2-IFA3Z638989","2026-02-24 14:20:57.190558","2026-03-26 14:20:57.190558",,35,ST07,TLAKATI,35.00,13.00,13,EMBARCADO
DO_117697000021,62678899-IFA3Z140891,"2026-03-03 10:20:15.582975","2026-04-02 10:20:15.582975",,5,ST03,COPPEL,132.00,12.00,2,EMBARCADO
DO_117431011387,SP-FEB-CUAUTLA-IFA3Z456042,"2026-02-16 22:20:41.182915","2026-03-18 22:20:41.182916",,13,ST09,"SPORTS SOLUTIONS",18.00,18.00,13,EMBARCADO
DO_117389011368,"OC MARZO_O-IFA3Z996470","2026-02-13 18:20:49.409788","2026-03-15 18:20:49.409789",,298,ST01,"PRIVALIA VENTA DIRECTA",2611.00,2239.00,546,EMBARCADO
DO_117697110821,62678899-IFA3Z559051,"2026-03-03 10:20:19.101408","2026-04-02 10:20:19.101408",,6,ST01,COPPEL,60.00,44.00,7,EMBARCADO
DO_TR0003439401,ST-00034394-IFA3Z520218,"2026-02-19 17:00:29.170302","2026-03-21 17:00:29.170303",,131,ST01,"Cliente contenido en la orden: DO_TR0003239901",523.00,414.00,141,EMBARCADO
SAL-3-3-20260116-000000219,"INNOVA TRASLADO 31262","2026-01-16 15:38:48.747364","2026-02-15 15:38:48.747365",,1,ST01,DHL,12.00,3.00,1,EMBARCADO
DO_TR0003439501,ST-00034395-IFA3Z499222,"2026-02-19 17:02:28.717512","2026-03-21 17:02:28.717513",,8,ST02,"Cliente contenido en la orden: DO_TR0003239901",37.00,17.00,5,EMBARCADO
SAL-3-3-20260119-000000238,"SUBURBIA 31747","2026-01-19 18:25:40.107435","2026-02-18 18:25:40.107435",,122,ST01,DHL,1464.00,1464.00,122,EMBARCADO
DO_117431111403,SP-FEB-REVOLUCION-IFA3Z527273,"2026-02-16 22:20:50.297822","2026-03-18 22:20:50.297822",,18,ST08,"SPORTS SOLUTIONS",30.00,29.00,18,EMBARCADO
SAL-3-3-20260116-000000220,"INNOVA TRASLADO 31259","2026-01-16 15:38:48.770095","2026-02-15 15:38:48.770096",,3,ST01,DHL,35.00,35.00,3,EMBARCADO
DO_117697111373,62678899-IFA3Z123108,"2026-03-03 10:20:27.324391","2026-04-02 10:20:27.324391",,5,ST03,COPPEL,84.00,73.00,10,EMBARCADO
SAL-3-3-20260116-000000225,"MODERNA TRASLADO 31258","2026-01-16 16:09:41.318904","2026-02-15 16:09:41.318904",,98,ST01,DHL,873.00,873.00,98,EMBARCADO
DO_TR0003357401,ST-00033574-IFA3Z248958,"2026-02-11 10:11:29.741899","2026-03-13 10:11:29.7419",,24,ST01,"Cliente contenido en la orden: DO_TR0003239901",1771.00,1643.00,168,EMBARCADO
DO_TR0003434701,ST-00034347-IFA3Z325784,"2026-02-19 12:49:09.914257","2026-03-21 12:49:09.914258",,81,ST04,"Cliente contenido en la orden: DO_TR0003239901",1135.00,1035.00,138,EMBARCADO
DO_117697200004,62678899-IFA3Z877319,"2026-03-03 10:20:30.830478","2026-04-02 10:20:30.830479",,6,ST04,COPPEL,90.00,88.00,13,EMBARCADO
DO_117566710785,17329109-IFA3Z659028,"2026-02-24 11:20:04.725081","2026-03-26 11:20:04.725082",,6,ST09,"GS TIENDAS DEPARTAMENTALES",77.00,24.00,6,EMBARCADO
DO_117697200015,62678899-IFA3Z796143,"2026-03-03 10:20:34.693877","2026-04-02 10:20:34.693877",,2,ST05,COPPEL,23.00,19.00,2,EMBARCADO
DO_117431211399,"SP-FEB-SAN COSME-IFA3Z589200","2026-02-16 22:21:02.553279","2026-03-18 22:21:02.55328",,18,ST07,"SPORTS SOLUTIONS",30.00,26.00,21,EMBARCADO
SAL-3-3-20260119-000000241,SUBURBIA31747,"2026-01-19 18:25:45.780729","2026-02-18 18:25:45.78073",,2,ST01,DHL,24.00,24.00,2,EMBARCADO
DO_117570304751,"ENTREGA 20 DE MARZO_TULUM 2-IFA3Z662208","2026-02-24 14:21:44.310703","2026-03-26 14:21:44.310704",,2,ST02,TLAKATI,2.00,1.00,1,EMBARCADO
DO_117570204751,"ENTREGA 20 DE MARZO_TULUM 1 RUN-IFA3Z562905","2026-02-24 14:21:22.4988","2026-03-26 14:21:22.498801",,35,ST04,TLAKATI,35.00,12.00,12,EMBARCADO
DO_117566810785,17329110-IFA3Z606483,"2026-02-24 11:20:09.205235","2026-03-26 11:20:09.205236",,6,ST01,"GS TIENDAS DEPARTAMENTALES",132.00,81.00,13,EMBARCADO
DO_TR0003244601,ST-00032446-IFA3Z338625,"2026-01-23 16:07:52.67781","2026-02-22 16:07:52.677811",,47,ST01,"Cliente contenido en la orden: DO_TR0003239901",441.00,416.00,65,EMBARCADO
DO_TR0003429301,ST-00034293-IFA3Z487498,"2026-02-18 22:00:16.225373","2026-03-20 22:00:16.225374",,76,ST02,"Cliente contenido en la orden: DO_TR0003340501",433.00,402.00,144,EMBARCADO
DO_117697200019,62678899-IFA3Z992354,"2026-03-03 10:20:40.326575","2026-04-02 10:20:40.326575",,3,ST04,COPPEL,59.00,47.00,6,EMBARCADO
DO_117697200016,62678899-IFA3Z886787,"2026-03-03 10:20:36.406688","2026-04-02 10:20:36.406689",,6,ST03,COPPEL,167.00,165.00,19,EMBARCADO
DO_117567710243,17329103-IFA3Z625496,"2026-02-24 11:20:14.226299","2026-03-26 11:20:14.226299",,6,ST01,"GS TIENDAS DEPARTAMENTALES",66.00,7.00,2,EMBARCADO
DO_117431311415,"SP-FEB-SAN MIGUEL-IFA3Z190701","2026-02-16 22:21:14.675782","2026-03-18 22:21:14.675782",,12,ST06,"SPORTS SOLUTIONS",17.00,17.00,12,EMBARCADO
DO_TR0003475901,ST-00034759-IFA3Z622655,"2026-02-25 12:02:43.240521","2026-03-27 12:02:43.240521",,6,ST03,"Cliente contenido en la orden: DO_TR0003239901",240.00,201.00,18,EMBARCADO
DO_117697210822,62678899-IFA3Z565807,"2026-03-03 10:20:42.50146","2026-04-02 10:20:42.50146",,4,ST05,COPPEL,32.00,32.00,7,EMBARCADO
DO_117697211372,62678899-IFA3Z973318,"2026-03-03 10:20:45.151954","2026-04-02 10:20:45.151955",,2,ST06,COPPEL,24.00,24.00,4,EMBARCADO
DO_TR0003476001,ST-00034760-IFA3Z177412,"2026-02-25 12:02:48.523734","2026-03-27 12:02:48.523735",,5,ST04,"Cliente contenido en la orden: DO_TR0003239901",245.00,240.00,36,EMBARCADO
DO_117697300022,62678899-IFA3Z932499,"2026-03-03 10:20:46.930634","2026-04-02 10:20:46.930634",,7,ST01,COPPEL,324.00,2.00,1,EMBARCADO
DO_TR0003552501,ST-00035525-IFA3Z934611,"2026-03-09 11:00:37.118699","2026-04-08 11:00:37.118699",,3,ST01,"Cliente contenido en la orden: DO_TR0003281001",226.00,12.00,1,EMBARCADO
DO_TR0003277401,ST-00032774-IFA3Z391720,"2026-01-29 16:45:05.104994","2026-02-28 16:45:05.104994",,26,ST03,"Cliente contenido en la orden: DO_TR0003239901",260.00,182.00,36,EMBARCADO
SAL-3-3-20260119-000000243,"PRICE SHOES 31786-1","2026-01-19 20:24:45.578297","2026-02-18 20:24:45.578298",,661,ST01,DHL,7284.00,7284.00,661,EMBARCADO
DO_117431411400,SP-FEB-TACUABYA-IFA3Z602773,"2026-02-16 22:21:23.241555","2026-03-18 22:21:23.241555",,16,ST05,"SPORTS SOLUTIONS",24.00,23.00,16,EMBARCADO
DO_TR0003476101,ST-00034761-IFA3Z480645,"2026-02-25 12:02:54.120738","2026-03-27 12:02:54.120739",,7,ST05,"Cliente contenido en la orden: DO_TR0003239901",197.00,188.00,24,EMBARCADO
DO_TR0003509901,ST-00035099-IFA3Z138724,"2026-03-03 11:00:09.140453","2026-04-02 11:00:09.140454",,1,ST01,"Cliente contenido en la orden: DO_TR0003239901",1.00,1.00,1,EMBARCADO
DO_117569804751,"ENTREGA 20 DE MARZO_MELI FULL-IFA3Z819217","2026-02-24 14:20:18.375766","2026-03-26 14:20:18.375766",,43,ST14,TLAKATI,605.00,358.00,60,EMBARCADO
DO_117604411289,UKW-MARZO26-IFA3Z347807,"2026-02-26 16:20:17.578113","2026-03-28 16:20:17.578114",,166,ST01,"HL MARCAS INTERNACIONALES",633.00,583.00,185,EMBARCADO
DO_TR0003277501,ST-00032775-IFA3Z339439,"2026-01-29 16:45:22.617193","2026-02-28 16:45:22.617193",,12,ST01,"Cliente contenido en la orden: DO_TR0003239901",69.00,61.00,15,EMBARCADO
SAL-3-3-20260119-000000240,"PRICE SHOES 31786  ","2026-01-19 18:25:43.154413","2026-02-18 18:25:43.154413",,1,ST01,DHL,10.00,10.00,1,EMBARCADO
DO_TR0003439901,ST-00034399-IFA3Z968237,"2026-02-19 17:02:35.362943","2026-03-21 17:02:35.362943",,15,ST01,"Cliente contenido en la orden: DO_TR0003239901",810.00,810.00,86,EMBARCADO
DO_117503910290,100069573-IFA3Z456017,"2026-02-19 18:20:04.260999","2026-03-21 18:20:04.261",,4,ST04,"COMERCIAL ANFIBIO",48.00,48.00,7,EMBARCADO
INVS-CED-3-3-20260302-000000343,INVE-REF-CED-INV-3-3-20260302-000000342,"2026-03-02 11:30:58.772293","2026-04-01 11:30:58.772293",,189,STAR-1,INVENTARIOS,151.00,111.00,11,EMBARCADO
INVS-CED-3-3-20260228-000000234,INVE-REF-CED-INV-3-3-20260228-000000233,"2026-02-28 09:55:44.194347","2026-03-30 09:55:44.194347",,46,STAR-1,INVENTARIOS,176.00,176.00,25,EMBARCADO
DO_TR0003319701,ST-00033197-IFA3Z830182,"2026-02-06 12:45:17.34928","2026-03-08 12:45:17.349281",,1,ST01,"Cliente contenido en la orden: DO_TR0003239901",10.00,10.00,2,EMBARCADO
DO_117431511359,SP-FEB-TEXCOCO-IFA3Z586864,"2026-02-16 22:21:34.202801","2026-03-18 22:21:34.202801",,17,ST04,"SPORTS SOLUTIONS",28.00,28.00,18,EMBARCADO
DO_117504010290,100245521-IFA3Z646118,"2026-02-19 18:20:07.300752","2026-03-21 18:20:07.300753",,7,ST03,"COMERCIAL ANFIBIO",61.00,61.00,11,EMBARCADO
DO_TR0003318701,ST-00033187-IFA3Z959724,"2026-02-06 12:45:14.884725","2026-03-08 12:45:14.884725",,4,ST01,"Cliente contenido en la orden: DO_TR0003239901",5.00,5.00,4,EMBARCADO
DO_TR0003387701,ST-00033877-IFA3Z859753,"2026-02-13 14:02:58.247134","2026-03-15 14:02:58.247135",,2,ST05,"Cliente contenido en la orden: DO_TR0003239901",8.00,8.00,2,EMBARCADO
DO_117504110290,100246607-IFA3Z637908,"2026-02-19 18:20:12.630435","2026-03-21 18:20:12.630436",,8,ST02,"COMERCIAL ANFIBIO",75.00,75.00,9,EMBARCADO
DO_117570404751,"ENTREGA 20 DE MARZO_VALLEJO-IFA3Z340053","2026-02-24 14:21:48.716147","2026-03-26 14:21:48.716148",,39,ST09,TLAKATI,778.00,292.00,46,EMBARCADO
DO_117431611386,SP-FEB-TLALNEPANTLA-IFA3Z660232,"2026-02-16 22:21:45.883737","2026-03-18 22:21:45.883737",,11,ST03,"SPORTS SOLUTIONS",15.00,15.00,11,EMBARCADO
DO_117504210290,100250597-IFA3Z866935,"2026-02-19 18:20:18.123968","2026-03-21 18:20:18.123969",,4,ST01,"COMERCIAL ANFIBIO",48.00,48.00,8,EMBARCADO
DO_TR0003364901,ST-00033649-IFA3Z904084,"2026-02-11 12:03:01.262999","2026-03-13 12:03:01.262999",,3,ST01,"Cliente contenido en la orden: DO_TR0003239901",203.00,201.00,21,EMBARCADO
DO_117553900004,62505299-IFA3Z263688,"2026-02-23 20:20:16.970256","2026-03-25 20:20:16.970257",,1,ST01,COPPEL,12.00,12.00,2,EMBARCADO
DO_TR0003364801,ST-00033648-IFA3Z147525,"2026-02-11 12:02:54.225978","2026-03-13 12:02:54.225979",,8,ST05,"Cliente contenido en la orden: DO_TR0003239901",36.00,31.00,6,EMBARCADO
DO_TR0003498801,ST-00034988-IFA3Z338379,"2026-03-02 12:00:10.528551","2026-04-01 12:00:10.528552",,19,ST01,"Cliente contenido en la orden: DO_TR0003239901",187.00,181.00,35,EMBARCADO
3e15a419-030d-4f60-8dd3-cf3307548b37,INVE-REF-CED-INV-3-3-20260211-0000009874,"2026-02-20 10:49:13.111112","2026-03-22 10:49:13.111112",,1,STAR-1,INVENTARIOS,12.00,12.00,1,EMBARCADO
DO_117431711401,SP-FEB-XOCHIMILCO-IFA3Z997991,"2026-02-16 22:21:54.067509","2026-03-18 22:21:54.06751",,18,ST02,"SPORTS SOLUTIONS",29.00,29.00,20,EMBARCADO
DO_TR0003387801,ST-00033878-IFA3Z949250,"2026-02-13 14:03:02.506421","2026-03-15 14:03:02.506421",,31,ST06,"Cliente contenido en la orden: DO_TR0003239901",344.00,200.00,28,EMBARCADO
DO_TR0003498901,ST-00034989-IFA3Z504788,"2026-03-02 12:00:24.514026","2026-04-01 12:00:24.514026",,10,ST02,"Cliente contenido en la orden: DO_TR0003239901",206.00,118.00,15,EMBARCADO
DO_TR0003341101,ST-00033411-IFA3Z679803,"2026-02-09 16:57:13.465155","2026-03-11 16:57:13.465156",,50,ST08,"Cliente contenido en la orden: DO_TR0003341101",357.00,330.00,98,EMBARCADO
DO_117491910821,62469699-IFA3Z963021,"2026-02-19 11:20:03.863547","2026-03-21 11:20:03.863548",,6,ST05,COPPEL,45.00,45.00,9,EMBARCADO
DO_117431811404,SP-FEB-ZUMPANGO-IFA3Z728831,"2026-02-16 22:22:06.694771","2026-03-18 22:22:06.694772",,18,ST01,"SPORTS SOLUTIONS",28.00,28.00,19,EMBARCADO
DO_TR0003510201,ST-00035102-IFA3Z361347,"2026-03-03 12:00:09.215634","2026-04-02 12:00:09.215635",,2,ST02,"Cliente contenido en la orden: DO_TR0003239901",7.00,2.00,2,EMBARCADO
DO_117492000022,62469699-IFA3Z361122,"2026-02-19 11:20:08.612023","2026-03-21 11:20:08.612023",,10,ST06,COPPEL,156.00,156.00,31,EMBARCADO
ac0dd58c-6724-45ae-95b0-f61dc18e24b5,INVE-REF-CED-INV-3-3-20260211-0000002026,"2026-02-19 12:35:08.841038","2026-03-21 12:35:08.841038",,1,STAR-1,INVENTARIOS,48.00,48.00,4,EMBARCADO
DO_117697110824,62678899-IFA3Z479911,"2026-03-03 10:20:23.219562","2026-04-02 10:20:23.219563",,6,ST02,COPPEL,104.00,104.00,13,EMBARCADO
DO_TR0003429501,ST-00034295-IFA3Z717522,"2026-02-18 22:02:14.546144","2026-03-20 22:02:14.546145",,6,ST02,"Cliente contenido en la orden: DO_TR0003340701",36.00,23.00,7,EMBARCADO
DO_TR0003476301,ST-00034763-IFA3Z585842,"2026-02-25 13:00:28.200563","2026-03-27 13:00:28.200564",,193,ST13,"Cliente contenido en la orden: DO_TR0003239901",1275.00,1132.00,228,EMBARCADO
DO_TR0003479501,ST-00034795-IFA3Z665876,"2026-02-25 15:02:10.961073","2026-03-27 15:02:10.961073",,43,ST09,"Cliente contenido en la orden: DO_TR0003239901",990.00,756.00,92,EMBARCADO
DO_TR0003553201,ST-00035532-IFA3Z646611,"2026-03-09 11:00:42.860285","2026-04-08 11:00:42.860285",,30,ST07,"Cliente contenido en la orden: DO_TR0003239901",146.00,123.00,32,EMBARCADO
DO_TR0003771601,ST-00037716-IFA3Z588863,"2026-03-30 14:00:15.189689","2026-04-29 14:00:15.18969",,5,ST03,"Cliente contenido en la orden: DO_TR0003239901",56.00,56.00,9,EMBARCADO
DO_TR0003522101,ST-00035221-IFA3Z531781,"2026-03-04 17:03:09.069828","2026-04-03 17:03:09.069829",,219,ST02,"Cliente contenido en la orden: DO_TR0003340601",1162.00,1139.00,317,EMBARCADO
DO_TR0003363401,ST-00033634-IFA3Z856776,"2026-02-11 10:59:36.789244","2026-03-13 10:59:36.789245",,300,ST02,"Cliente contenido en la orden: DO_TR0003239901",2070.00,1777.00,511,EMBARCADO
SAL-3-3-20260116-000000212,"PROMODA 31078","2026-01-16 10:22:26.330866","2026-02-15 10:22:26.330867",,999,ST01,DHL,10958.00,10590.00,969,EMBARCADO
DO_117799204751,"Marzo no.4 2026_TULUM 1-IFA3Z348896","2026-03-11 16:20:58.796127","2026-04-10 16:20:58.796128",,31,ST04,TLAKATI,34.00,29.00,26,EMBARCADO
DO_TR0003344901,ST-00033449-IFA3Z921826,"2026-02-09 16:59:48.88341","2026-03-11 16:59:48.88341",,43,ST01,"Cliente contenido en la orden: DO_TR0003344901",281.00,280.00,71,EMBARCADO
DO_TR0003341301,ST-00033413-IFA3Z795100,"2026-02-09 16:58:34.677364","2026-03-11 16:58:34.677365",,7,ST06,"Cliente contenido en la orden: DO_TR0003341301",56.00,56.00,13,EMBARCADO
DO_TR0003468501,ST-00034685-IFA3Z425742,"2026-02-24 13:01:32.309289","2026-03-26 13:01:32.309289",,203,ST01,"Cliente contenido en la orden: DO_TR0003239901",1017.00,914.00,259,EMBARCADO
DO_TR0003479701,ST-00034797-IFA3Z324787,"2026-02-25 15:02:55.292796","2026-03-27 15:02:55.292797",,17,ST10,"Cliente contenido en la orden: DO_TR0003239901",210.00,12.00,1,EMBARCADO
DO_TR0003674601,ST-00036746-IFA3Z121516,"2026-03-18 13:01:05.832564","2026-04-17 13:01:05.832564","2026-03-20 00:00:00",23,ST03,"Cliente contenido en la orden: DO_TR0003239901",629.00,419.00,49,EMBARCADO
DO_117554000022,62505299-IFA3Z187945,"2026-02-23 20:20:22.964359","2026-03-25 20:20:22.964359",,3,ST01,COPPEL,96.00,96.00,9,EMBARCADO
DO_TR0003387501,ST-00033875-IFA3Z372717,"2026-02-13 14:02:28.072773","2026-03-15 14:02:28.072773",,13,ST02,"Cliente contenido en la orden: DO_TR0003239901",1399.00,836.00,77,EMBARCADO
DO_TR0003360301,ST-00033603-IFA3Z838990,"2026-02-11 10:12:40.494038","2026-03-13 10:12:40.494038",,494,ST02,"Cliente contenido en la orden: DO_TR0003239901",3031.00,2580.00,739,EMBARCADO
DO_TR0003340601,ST-00033406-IFA3Z427638,"2026-02-09 16:54:49.611341","2026-03-11 16:54:49.611341",,82,ST05,"Cliente contenido en la orden: DO_TR0003340601",627.00,557.00,182,EMBARCADO
DO_TR0003457901,ST-00034579-IFA3Z807563,"2026-02-23 12:00:09.825451","2026-03-25 12:00:09.825452",,26,ST02,"Cliente contenido en la orden: DO_TR0003239901",3993.00,3993.00,359,EMBARCADO
DO_117799304751,"Marzo no.4 2026_VALLEJO-IFA3Z854166","2026-03-11 16:21:20.28157","2026-04-10 16:21:20.28157",,28,ST04,TLAKATI,44.00,37.00,24,EMBARCADO
DO_TR0003522201,ST-00035222-IFA3Z545683,"2026-03-04 17:06:13.110293","2026-04-03 17:06:13.110293",,219,ST03,"Cliente contenido en la orden: DO_TR0003340701",969.00,937.00,281,EMBARCADO
DO_TR0003634601,ST-00036346-IFA3Z820017,"2026-03-13 12:00:12.142417","2026-04-12 12:00:12.142418",,6,ST01,"Cliente contenido en la orden: DO_TR0003239901",180.00,180.00,19,EMBARCADO
DO_TR0003341501,ST-00033415-IFA3Z965236,"2026-02-09 16:59:37.492402","2026-03-11 16:59:37.492403",,11,ST02,"Cliente contenido en la orden: DO_TR0003341501",62.00,62.00,19,EMBARCADO
DO_TR0003429601,ST-00034296-IFA3Z470096,"2026-02-18 22:02:29.743093","2026-03-20 22:02:29.743094",,125,ST01,"Cliente contenido en la orden: DO_TR0003340801",658.00,536.00,181,EMBARCADO
DO_117463600019,62498899-IFA3Z363270,"2026-02-18 13:20:36.223053","2026-03-20 13:20:36.223054",,4,ST03,COPPEL,43.00,43.00,7,EMBARCADO
DO_TR0003429701,ST-00034297-IFA3Z618403,"2026-02-18 22:03:50.123313","2026-03-20 22:03:50.123313",,1,ST01,"Cliente contenido en la orden: DO_TR0003340901",4.00,4.00,1,EMBARCADO
DO_117463510821,62498899-IFA3Z833036,"2026-02-18 13:20:32.451263","2026-03-20 13:20:32.451264",,4,ST01,COPPEL,89.00,84.00,8,EMBARCADO
DO_117463700022,62498899-IFA3Z570581,"2026-02-18 13:20:39.478397","2026-03-20 13:20:39.478398",,4,ST04,COPPEL,240.00,129.00,17,EMBARCADO
DO_TR0003522301,ST-00035223-IFA3Z579979,"2026-03-04 17:09:19.776905","2026-04-03 17:09:19.776906",,196,ST04,"Cliente contenido en la orden: DO_TR0003340801",1000.00,963.00,271,EMBARCADO
DO_117464410821,62498599-IFA3Z382386,"2026-02-18 13:20:43.217671","2026-03-20 13:20:43.217672",,10,ST05,COPPEL,81.00,81.00,12,EMBARCADO
DO_TR0003429801,ST-00034298-IFA3Z298359,"2026-02-18 22:03:51.818708","2026-03-20 22:03:51.818709",,9,ST03,"Cliente contenido en la orden: DO_TR0003341001",51.00,49.00,15,EMBARCADO
DO_TR0003429901,ST-00034299-IFA3Z121538,"2026-02-18 22:03:58.004489","2026-03-20 22:03:58.004489",,1,ST02,"Cliente contenido en la orden: DO_TR0003341101",4.00,4.00,1,EMBARCADO
DO_117799511312,"GRABASA Q2 53% GUADALAJARA 100244695-IFA3Z742554","2026-03-11 17:20:04.451885","2026-04-10 17:20:04.451885",,7,ST01,"DISTRIBUIDORA DEPORTIVA BR",36.00,36.00,12,EMBARCADO
DO_117464500022,62498599-IFA3Z687251,"2026-02-18 13:20:51.114728","2026-03-20 13:20:51.114728",,9,ST06,COPPEL,120.00,120.00,17,EMBARCADO
DO_TR0003468601,ST-00034686-IFA3Z139775,"2026-02-24 13:03:42.317194","2026-03-26 13:03:42.317195",,3,ST05,"Cliente contenido en la orden: DO_TR0003239901",34.00,34.00,7,EMBARCADO
DO_TR0003430101,ST-00034301-IFA3Z512351,"2026-02-18 22:04:08.907359","2026-03-20 22:04:08.907359",,1,ST03,"Cliente contenido en la orden: DO_TR0003341301",4.00,4.00,2,EMBARCADO
DO_117464610821,62498499-IFA3Z576866,"2026-02-18 13:20:57.652867","2026-03-20 13:20:57.652868",,10,ST07,COPPEL,55.00,55.00,14,EMBARCADO
DO_TR0003635501,ST-00036355-IFA3Z707312,"2026-03-13 12:00:18.73785","2026-04-12 12:00:18.73785",,37,ST02,"Cliente contenido en la orden: DO_TR0003239901",570.00,434.00,60,EMBARCADO
DO_TR0003430201,ST-00034302-IFA3Z770152,"2026-02-18 22:04:10.663209","2026-03-20 22:04:10.66321",,9,ST05,"Cliente contenido en la orden: DO_TR0003341401",15.00,14.00,9,EMBARCADO
DO_117464700022,62498499-IFA3Z198592,"2026-02-18 13:21:05.060531","2026-03-20 13:21:05.060531",,10,ST08,COPPEL,240.00,228.00,30,EMBARCADO
DO_TR0003468701,ST-00034687-IFA3Z486255,"2026-02-24 13:03:45.527186","2026-03-26 13:03:45.527186",,12,ST02,"Cliente contenido en la orden: DO_TR0003239901",36.00,15.00,9,EMBARCADO
DO_TR0003430301,ST-00034303-IFA3Z947867,"2026-02-18 22:04:16.888618","2026-03-20 22:04:16.888619",,1,ST01,"Cliente contenido en la orden: DO_TR0003341501",2.00,2.00,2,EMBARCADO
DO_117465310821,62498199-IFA3Z801788,"2026-02-18 13:21:12.620049","2026-03-20 13:21:12.62005",,6,ST09,COPPEL,79.00,79.00,7,EMBARCADO
DO_117465400019,62498199-IFA3Z119566,"2026-02-18 13:21:17.897328","2026-03-20 13:21:17.897329",,3,ST10,COPPEL,27.00,27.00,4,EMBARCADO
DO_TR0003504701,ST-00035047-IFA3Z398344,"2026-03-02 15:00:19.842732","2026-04-01 15:00:19.842732",,149,ST05,"Cliente contenido en la orden: DO_TR0003344901",958.00,958.00,191,EMBARCADO
DO_117465500022,62498199-IFA3Z738468,"2026-02-18 13:21:20.662601","2026-03-20 13:21:20.662602",,6,ST10,COPPEL,231.00,231.00,24,EMBARCADO
DO_117465610821,62498099-IFA3Z586194,"2026-02-18 13:21:25.449843","2026-03-20 13:21:25.449844",,4,ST11,COPPEL,13.00,13.00,4,EMBARCADO
DO_TR0003523401,ST-00035234-IFA3Z233968,"2026-03-04 17:26:42.239132","2026-04-03 17:26:42.239133",,34,ST04,"Cliente contenido en la orden: DO_TR0003239901",3486.00,3410.00,325,EMBARCADO
DO_117465700022,62498099-IFA3Z830647,"2026-02-18 13:21:29.184806","2026-03-20 13:21:29.184807",,12,ST12,COPPEL,176.00,176.00,22,EMBARCADO
INVS-CED-3-3-20260302-000000346,INVE-REF-CED-INV-3-3-20260302-000000345,"2026-03-02 17:31:50.063304","2026-04-01 17:31:50.063304",,3,STAR-1,INVENTARIOS,30.00,30.00,3,EMBARCADO
DO_TR0003773401,ST-00037734-IFA3Z170418,"2026-03-30 16:00:54.594419","2026-04-29 16:00:54.594419",,8,ST01,"Cliente contenido en la orden: DO_TR0003239901",204.00,204.00,23,EMBARCADO
DO_117465810821,62497999-IFA3Z310765,"2026-02-18 13:21:38.032615","2026-03-20 13:21:38.032616",,5,ST13,COPPEL,59.00,59.00,5,EMBARCADO
DO_117466000022,62497999-IFA3Z358302,"2026-02-18 13:21:45.319379","2026-03-20 13:21:45.31938",,5,ST02,COPPEL,168.00,158.00,20,EMBARCADO
DO_117466110821,62497899-IFA3Z864423,"2026-02-18 13:21:49.359877","2026-03-20 13:21:49.359877",,5,ST03,COPPEL,79.00,79.00,8,EMBARCADO
DO_117466200019,62497899-IFA3Z812923,"2026-02-18 13:21:54.433359","2026-03-20 13:21:54.43336",,4,ST04,COPPEL,29.00,29.00,5,EMBARCADO
DO_117466300022,62497899-IFA3Z302058,"2026-02-18 13:21:57.700312","2026-03-20 13:21:57.700313",,5,ST04,COPPEL,204.00,175.00,19,EMBARCADO
DO_TR0003661501,ST-00036615-IFA3Z531954,"2026-03-17 15:07:24.009754","2026-04-16 15:07:24.009754",,113,ST06,"Cliente contenido en la orden: DO_TR0003341001",609.00,433.00,138,EMBARCADO
DO_TR0003757401,ST-00037574-IFA3Z909411,"2026-03-27 11:00:10.976794","2026-04-26 11:00:10.976794","2026-03-31 00:00:00",1,ST01,"Cliente contenido en la orden: DO_TR0003384501",1.00,1.00,1,EMBARCADO
DO_117466410821,62497799-IFA3Z651888,"2026-02-18 13:22:01.798287","2026-03-20 13:22:01.798287",,4,ST05,COPPEL,42.00,42.00,6,EMBARCADO
DO_117466500019,62497799-IFA3Z609328,"2026-02-18 13:22:04.809222","2026-03-20 13:22:04.809223",,2,ST06,COPPEL,16.00,9.00,2,EMBARCADO
DO_117466600022,62497799-IFA3Z900079,"2026-02-18 13:22:06.650011","2026-03-20 13:22:06.650012",,4,ST07,COPPEL,84.00,84.00,8,EMBARCADO
DO_117466710821,62497699-IFA3Z488769,"2026-02-18 13:22:09.626452","2026-03-20 13:22:09.626452",,2,ST08,COPPEL,18.00,18.00,3,EMBARCADO
DO_117466800022,62497699-IFA3Z396566,"2026-02-18 13:22:11.287321","2026-03-20 13:22:11.287321",,2,ST09,COPPEL,35.00,23.00,2,EMBARCADO
DO_117466910821,62497599-IFA3Z356079,"2026-02-18 13:22:13.095496","2026-03-20 13:22:13.095496",,3,ST10,COPPEL,18.00,18.00,5,EMBARCADO
DO_TR0003465101,ST-00034651-IFA3Z987319,"2026-02-24 10:00:14.637461","2026-03-26 10:00:14.637461",,79,ST04,"Cliente contenido en la orden: DO_TR0003239901",1584.00,1037.00,138,EMBARCADO
DO_117467000022,62497599-IFA3Z523176,"2026-02-18 13:22:15.655582","2026-03-20 13:22:15.655583",,5,ST01,COPPEL,79.00,40.00,10,EMBARCADO
DO_117467110821,62497499-IFA3Z231478,"2026-02-18 13:22:19.577823","2026-03-20 13:22:19.577823",,4,ST02,COPPEL,84.00,80.00,11,EMBARCADO
DO_117467200019,62497499-IFA3Z860586,"2026-02-18 13:22:23.514971","2026-03-20 13:22:23.514971",,4,ST03,COPPEL,50.00,50.00,8,EMBARCADO
DO_117467300022,62497499-IFA3Z241034,"2026-02-18 13:22:26.810389","2026-03-20 13:22:26.81039",,5,ST04,COPPEL,273.00,224.00,28,EMBARCADO
DO_117467410821,62496199-IFA3Z735020,"2026-02-18 13:22:30.695911","2026-03-20 13:22:30.695912",,4,ST05,COPPEL,32.00,32.00,8,EMBARCADO
DO_TR0003341001,ST-00033410-IFA3Z296595,"2026-02-09 16:56:08.362038","2026-03-11 16:56:08.362038",,92,ST09,"Cliente contenido en la orden: DO_TR0003341001",543.00,526.00,150,EMBARCADO
DO_117467600022,62496199-IFA3Z989404,"2026-02-18 13:22:34.867823","2026-03-20 13:22:34.867824",,6,ST07,COPPEL,119.00,104.00,13,EMBARCADO
DO_117467710821,62496399-IFA3Z989198,"2026-02-18 13:22:39.698674","2026-03-20 13:22:39.698675",,4,ST07,COPPEL,24.00,12.00,2,EMBARCADO
DO_117467800022,62496399-IFA3Z743122,"2026-02-18 13:22:43.213973","2026-03-20 13:22:43.213974",,4,ST09,COPPEL,96.00,79.00,11,EMBARCADO
DO_117807110290,100256564-IFA3Z991791,"2026-03-12 09:20:08.820367","2026-04-11 09:20:08.820367",,6,ST02,"COMERCIAL ANFIBIO",108.00,108.00,13,EMBARCADO
DO_117807510290,100257777-IFA3Z198151,"2026-03-12 09:20:12.994817","2026-04-11 09:20:12.994817",,6,ST03,"COMERCIAL ANFIBIO",104.00,104.00,13,EMBARCADO
DO_117468000022,62496499-IFA3Z512131,"2026-02-18 13:22:50.905713","2026-03-20 13:22:50.905714",,5,ST06,COPPEL,120.00,86.00,9,EMBARCADO
DO_117468110821,62496599-IFA3Z819822,"2026-02-18 13:22:56.419008","2026-03-20 13:22:56.419008",,5,ST08,COPPEL,108.00,104.00,14,EMBARCADO
DO_TR0003552401,ST-00035524-IFA3Z731683,"2026-03-09 11:00:33.128917","2026-04-08 11:00:33.128917",,5,ST03,"Cliente contenido en la orden: DO_TR0003239901",163.00,33.00,9,EMBARCADO
DO_TR0003590301,ST-00035903-IFA3Z623114,"2026-03-11 13:00:15.553848","2026-04-10 13:00:15.553849",,4,ST01,"Cliente contenido en la orden: DO_TR0003239901",228.00,216.00,25,EMBARCADO
DO_117468200019,62496599-IFA3Z751779,"2026-02-18 13:23:01.969991","2026-03-20 13:23:01.969991",,5,ST09,COPPEL,37.00,37.00,8,EMBARCADO
DO_117468300022,62496599-IFA3Z516242,"2026-02-18 13:23:04.729766","2026-03-20 13:23:04.729767",,5,ST10,COPPEL,269.00,204.00,20,EMBARCADO
DO_117468410821,62496899-IFA3Z647956,"2026-02-18 13:23:08.677304","2026-03-20 13:23:08.677305",,5,ST01,COPPEL,44.00,44.00,7,EMBARCADO
DO_117468500022,62496899-IFA3Z660533,"2026-02-18 13:23:12.770199","2026-03-20 13:23:12.7702",,5,ST02,COPPEL,60.00,54.00,9,EMBARCADO
DO_TR0003485601,ST-00034856-IFA3Z910512,"2026-02-26 10:00:21.525646","2026-03-28 10:00:21.525647",,19,ST13,"Cliente contenido en la orden: DO_TR0003239901",2563.00,2295.00,218,EMBARCADO
DO_117873911312,"GRABASA 68% PACHUCA V2 100262387-IFA3Z777731","2026-03-17 10:20:02.913685","2026-04-16 10:20:02.913685",,5,ST01,"DISTRIBUIDORA DEPORTIVA BR",840.00,840.00,72,EMBARCADO
DO_117468610821,62496999-IFA3Z657704,"2026-02-18 13:23:16.830159","2026-03-20 13:23:16.830159",,5,ST03,COPPEL,48.00,44.00,8,EMBARCADO
DO_117468700019,62496999-IFA3Z338286,"2026-02-18 13:23:20.620813","2026-03-20 13:23:20.620813",,2,ST04,COPPEL,16.00,16.00,3,EMBARCADO
DO_TR0003590501,ST-00035905-IFA3Z289286,"2026-03-11 13:00:19.446877","2026-04-10 13:00:19.446878",,8,ST03,"Cliente contenido en la orden: DO_TR0003239901",420.00,420.00,37,EMBARCADO
DO_117806910290,100249655-IFA3Z819948,"2026-03-12 09:20:04.588902","2026-04-11 09:20:04.588903",,6,ST01,"COMERCIAL ANFIBIO",96.00,96.00,12,EMBARCADO
DO_117468800022,62496999-IFA3Z469464,"2026-02-18 13:23:22.771169","2026-03-20 13:23:22.77117",,5,ST06,COPPEL,156.00,92.00,12,EMBARCADO
DO_117468910821,62497099-IFA3Z931444,"2026-02-18 13:23:26.783547","2026-03-20 13:23:26.783547",,5,ST08,COPPEL,132.00,131.00,21,EMBARCADO
DO_TR0003522401,ST-00035224-IFA3Z210375,"2026-03-04 17:12:43.603059","2026-04-03 17:12:43.603059",,247,ST05,"Cliente contenido en la orden: DO_TR0003341001",1107.00,1047.00,314,EMBARCADO
DO_117469000019,62497099-IFA3Z984931,"2026-02-18 13:23:30.754686","2026-03-20 13:23:30.754686",,5,ST09,COPPEL,64.00,53.00,10,EMBARCADO
DO_117469100022,62497099-IFA3Z643385,"2026-02-18 13:23:35.263569","2026-03-20 13:23:35.26357",,6,ST10,COPPEL,372.00,349.00,35,EMBARCADO
DO_117469210821,62497199-IFA3Z665890,"2026-02-18 13:23:40.656343","2026-03-20 13:23:40.656344",,7,ST10,COPPEL,68.00,68.00,11,EMBARCADO
DO_117469300019,62497199-IFA3Z334835,"2026-02-18 13:23:46.33515","2026-03-20 13:23:46.33515",,3,ST01,COPPEL,13.00,13.00,3,EMBARCADO
DO_TR0003593401,ST-00035934-IFA3Z216307,"2026-03-11 16:00:26.918675","2026-04-10 16:00:26.918676",,191,ST03,"Cliente contenido en la orden: DO_TR0003340501",932.00,850.00,253,EMBARCADO
DO_TR0003487701,ST-00034877-IFA3Z465823,"2026-02-26 14:00:10.245291","2026-03-28 14:00:10.245292",,26,ST14,"Cliente contenido en la orden: DO_TR0003239901",685.00,641.00,86,EMBARCADO
DO_117469400022,62497199-IFA3Z775419,"2026-02-18 13:23:49.551357","2026-03-20 13:23:49.551358",,7,ST02,COPPEL,156.00,117.00,18,EMBARCADO
DO_117469510821,62497299-IFA3Z762680,"2026-02-18 13:23:54.931628","2026-03-20 13:23:54.931629",,4,ST04,COPPEL,49.00,38.00,6,EMBARCADO
DO_117469600019,62497299-IFA3Z220781,"2026-02-18 13:23:57.934886","2026-03-20 13:23:57.934887",,1,ST03,COPPEL,12.00,12.00,4,EMBARCADO
DO_117469700022,62497299-IFA3Z108888,"2026-02-18 13:23:59.315469","2026-03-20 13:23:59.31547",,5,ST06,COPPEL,169.00,121.00,15,EMBARCADO
DO_TR0003605701,ST-00036057-IFA3Z562248,"2026-03-13 10:33:35.05081","2026-04-12 10:33:35.05081",,84,ST03,"Cliente contenido en la orden: DO_TR0003340601",411.00,385.00,95,EMBARCADO
DO_117469810821,62497399-IFA3Z285114,"2026-02-18 13:24:03.642113","2026-03-20 13:24:03.642113",,7,ST04,COPPEL,89.00,86.00,14,EMBARCADO
DO_117469900019,62497399-IFA3Z885164,"2026-02-18 13:24:08.915185","2026-03-20 13:24:08.915186",,4,ST03,COPPEL,26.00,25.00,7,EMBARCADO
DO_TR0003523201,ST-00035232-IFA3Z781489,"2026-03-04 17:24:46.475347","2026-04-03 17:24:46.475347",,69,ST02,"Cliente contenido en la orden: DO_TR0003239901",2202.00,2078.00,264,EMBARCADO
DO_117470000022,62497399-IFA3Z997948,"2026-02-18 13:24:12.6818","2026-03-20 13:24:12.6818",,8,ST04,COPPEL,267.00,228.00,28,EMBARCADO
DO_TR0003576201,ST-00035762-IFA3Z151567,"2026-03-09 18:00:22.735084","2026-04-08 18:00:22.735084",,91,ST01,"Cliente contenido en la orden: DO_TR0003239901",3525.00,1533.00,161,EMBARCADO
DO_117470110821,62500699-IFA3Z813159,"2026-02-18 13:24:18.701685","2026-03-20 13:24:18.701686",,5,ST02,COPPEL,72.00,60.00,8,EMBARCADO
DO_117470200019,62500699-IFA3Z801009,"2026-02-18 13:24:22.742524","2026-03-20 13:24:22.742524",,5,ST05,COPPEL,54.00,54.00,7,EMBARCADO
DO_117470300022,62500699-IFA3Z701639,"2026-02-18 13:24:26.90439","2026-03-20 13:24:26.904391",,6,ST06,COPPEL,240.00,240.00,22,EMBARCADO
DO_117470410821,62500599-IFA3Z132920,"2026-02-18 13:24:31.84707","2026-03-20 13:24:31.847071",,7,ST07,COPPEL,81.00,75.00,12,EMBARCADO
DO_117470500019,62500599-IFA3Z290834,"2026-02-18 13:24:37.131225","2026-03-20 13:24:37.131226",,2,ST01,COPPEL,21.00,21.00,2,EMBARCADO
DO_117470600022,62500599-IFA3Z973049,"2026-02-18 13:24:39.484152","2026-03-20 13:24:39.484153",,7,ST01,COPPEL,204.00,156.00,24,EMBARCADO
DO_117470710821,62500499-IFA3Z363168,"2026-02-18 13:24:45.137058","2026-03-20 13:24:45.137058",,5,ST02,COPPEL,84.00,72.00,8,EMBARCADO
DO_117470800019,62500499-IFA3Z523966,"2026-02-18 13:24:49.375828","2026-03-20 13:24:49.375829",,5,ST03,COPPEL,38.00,38.00,7,EMBARCADO
DO_117470900022,62500499-IFA3Z282040,"2026-02-18 13:24:53.637742","2026-03-20 13:24:53.637742",,5,ST01,COPPEL,236.00,231.00,27,EMBARCADO
DO_117471010821,62500399-IFA3Z233400,"2026-02-18 13:24:58.031186","2026-03-20 13:24:58.031187",,6,ST03,COPPEL,40.00,31.00,10,EMBARCADO
DO_117471100022,62500399-IFA3Z176482,"2026-02-18 13:25:03.241652","2026-03-20 13:25:03.241652",,6,ST02,COPPEL,144.00,129.00,19,EMBARCADO
DO_118073011312,"GRABASA 80% 100010470-IFA3Z278255","2026-03-26 11:20:46.278816","2026-04-25 11:20:46.278816",,5,ST06,"DISTRIBUIDORA DEPORTIVA BR",608.00,608.00,61,EMBARCADO
DO_117471300019,62500299-IFA3Z267249,"2026-02-18 13:25:12.76525","2026-03-20 13:25:12.76525",,5,ST02,COPPEL,35.00,35.00,9,EMBARCADO
INVS-CED-3-3-20260308-000000744,INVE-REF-CED-INV-3-3-20260308-000000743,"2026-03-08 02:38:48.655235","2026-04-07 02:38:48.655235",,13,STAR-1,INVENTARIOS,13.00,13.00,2,EMBARCADO
DO_117471210821,62500299-IFA3Z475373,"2026-02-18 13:25:08.407879","2026-03-20 13:25:08.40788",,5,ST01,COPPEL,72.00,59.00,10,EMBARCADO
DO_TR0003522501,ST-00035225-IFA3Z475450,"2026-03-04 17:16:35.393231","2026-04-03 17:16:35.393231",,189,ST06,"Cliente contenido en la orden: DO_TR0003341101",952.00,891.00,255,EMBARCADO
DO_TR0003527001,ST-00035270-IFA3Z905781,"2026-03-05 11:31:37.108429","2026-04-04 11:31:37.108429",,10,ST01,"Cliente contenido en la orden: DO_TR0003239901",102.00,90.00,9,EMBARCADO
DO_117471400022,62500299-IFA3Z755855,"2026-02-18 13:25:17.044632","2026-03-20 13:25:17.044632",,5,ST03,COPPEL,192.00,161.00,20,EMBARCADO
DO_117471510821,62500199-IFA3Z107964,"2026-02-18 13:25:21.808646","2026-03-20 13:25:21.808647",,9,ST04,COPPEL,156.00,156.00,15,EMBARCADO
DO_TR0003434801,ST-00034348-IFA3Z806141,"2026-02-19 12:50:03.409973","2026-03-21 12:50:03.409973",,29,ST01,"Cliente contenido en la orden: DO_TR0003281001",602.00,340.00,54,EMBARCADO
DO_117471600019,62500199-IFA3Z739495,"2026-02-18 13:25:29.328225","2026-03-20 13:25:29.328225",,9,ST01,COPPEL,90.00,88.00,12,EMBARCADO
DO_117471700022,62500199-IFA3Z925655,"2026-02-18 13:25:37.023859","2026-03-20 13:25:37.02386",,9,ST01,COPPEL,450.00,447.00,43,EMBARCADO
DO_117471810821,62500099-IFA3Z116934,"2026-02-18 13:25:44.071132","2026-03-20 13:25:44.071132",,5,ST01,COPPEL,30.00,23.00,7,EMBARCADO
DO_TR0003590601,ST-00035906-IFA3Z634463,"2026-03-11 13:00:29.137286","2026-04-10 13:00:29.137287",,66,ST04,"Cliente contenido en la orden: DO_TR0003239901",632.00,486.00,72,EMBARCADO
DO_118072711312,"GRABASA 80% 100200209-IFA3Z721400","2026-03-26 11:20:35.934821","2026-04-25 11:20:35.934822","2026-03-31 00:00:00",5,ST09,"DISTRIBUIDORA DEPORTIVA BR",718.00,714.00,71,EMBARCADO
DO_117471900022,62500099-IFA3Z527189,"2026-02-18 13:25:48.306815","2026-03-20 13:25:48.306816",,5,ST01,COPPEL,120.00,108.00,15,EMBARCADO
DO_117472010821,62499999-IFA3Z646976,"2026-02-18 13:25:52.836478","2026-03-20 13:25:52.836479",,6,ST01,COPPEL,36.00,34.00,8,EMBARCADO
DO_117472210821,62499899-IFA3Z292034,"2026-02-18 13:26:02.985507","2026-03-20 13:26:02.985508",,4,ST01,COPPEL,32.00,30.00,3,EMBARCADO
DO_117472100022,62499999-IFA3Z671725,"2026-02-18 13:25:57.938493","2026-03-20 13:25:57.938494",,6,ST01,COPPEL,144.00,143.00,18,EMBARCADO
DO_118073311312,"GRABASA 80% 100233074-IFA3Z144248","2026-03-26 11:20:58.18761","2026-04-25 11:20:58.18761","2026-03-31 00:00:00",5,ST05,"DISTRIBUIDORA DEPORTIVA BR",28.00,28.00,5,EMBARCADO
DO_117472410821,62499699-IFA3Z807807,"2026-02-18 13:26:10.361257","2026-03-20 13:26:10.361257",,5,ST01,COPPEL,28.00,2.00,1,EMBARCADO
DO_117472300022,62499899-IFA3Z519401,"2026-02-18 13:26:06.562621","2026-03-20 13:26:06.562621",,4,ST01,COPPEL,48.00,48.00,5,EMBARCADO
DO_117472700022,62499499-IFA3Z526944,"2026-02-18 13:26:21.089926","2026-03-20 13:26:21.089927",,3,ST01,COPPEL,36.00,36.00,7,EMBARCADO
DO_117472500022,62499699-IFA3Z959439,"2026-02-18 13:26:14.887139","2026-03-20 13:26:14.887139",,5,ST01,COPPEL,96.00,39.00,5,EMBARCADO
DO_117472610821,62499499-IFA3Z367931,"2026-02-18 13:26:18.987322","2026-03-20 13:26:18.987323",,2,ST01,COPPEL,12.00,12.00,2,EMBARCADO
DO_117472810821,62499399-IFA3Z106313,"2026-02-18 13:26:23.955999","2026-03-20 13:26:23.956",,4,ST01,COPPEL,30.00,30.00,8,EMBARCADO
DO_117472900022,62499399-IFA3Z304814,"2026-02-18 13:26:27.782703","2026-03-20 13:26:27.782704",,6,ST01,COPPEL,100.00,95.00,17,EMBARCADO
DO_TR0003590801,ST-00035908-IFA3Z785953,"2026-03-11 13:01:11.745844","2026-04-10 13:01:11.745845",,20,ST06,"Cliente contenido en la orden: DO_TR0003239901",811.00,530.00,72,EMBARCADO
DO_118073511312,"GRABASA 80% 100232866-IFA3Z257644","2026-03-26 11:21:05.039108","2026-04-25 11:21:05.039108","2026-03-31 00:00:00",7,ST03,"DISTRIBUIDORA DEPORTIVA BR",82.00,82.00,11,EMBARCADO
DO_TR0003606101,ST-00036061-IFA3Z168889,"2026-03-13 10:38:10.111012","2026-04-12 10:38:10.111013",,84,ST06,"Cliente contenido en la orden: DO_TR0003341001",447.00,419.00,121,EMBARCADO
DO_117924811312,"GRABASA 68% PACHUCA V2 100069573-IFA3Z396676","2026-03-18 06:20:06.717132","2026-04-17 06:20:06.717132",,1,ST04,"DISTRIBUIDORA DEPORTIVA BR",1.00,1.00,1,EMBARCADO
DO_117473100019,62499299-IFA3Z216464,"2026-02-18 13:26:37.115703","2026-03-20 13:26:37.115703",,1,ST01,COPPEL,9.00,9.00,1,EMBARCADO
DO_117473010821,62499299-IFA3Z386766,"2026-02-18 13:26:33.036674","2026-03-20 13:26:33.036675",,5,ST01,COPPEL,42.00,30.00,6,EMBARCADO
DO_117473510821,62499099-IFA3Z218998,"2026-02-18 13:26:44.046878","2026-03-20 13:26:44.046879",,4,ST01,COPPEL,12.00,7.00,5,EMBARCADO
DO_TR0003522601,ST-00035226-IFA3Z516921,"2026-03-04 17:20:16.799506","2026-04-03 17:20:16.799506",,211,ST06,"Cliente contenido en la orden: DO_TR0003341201",1050.00,957.00,266,EMBARCADO
DO_117473200022,62499299-IFA3Z906166,"2026-02-18 13:26:38.884005","2026-03-20 13:26:38.884005",,6,ST01,COPPEL,118.00,118.00,15,EMBARCADO
DO_117569904751,"ENTREGA 20 DE MARZO_MUESTRARIO-IFA3Z428641","2026-02-24 14:20:46.234802","2026-03-26 14:20:46.234803",,4,ST03,TLAKATI,4.00,1.00,1,EMBARCADO
DO_117473600019,62499099-IFA3Z516870,"2026-02-18 13:26:47.416007","2026-03-20 13:26:47.416007",,1,ST01,COPPEL,5.00,5.00,4,EMBARCADO
DO_118073611312,"GRABASA 80% 100232626-IFA3Z451990","2026-03-26 11:21:10.126949","2026-04-25 11:21:10.126949","2026-03-31 00:00:00",5,ST02,"DISTRIBUIDORA DEPORTIVA BR",65.00,65.00,8,EMBARCADO
DO_117473700022,62499099-IFA3Z407090,"2026-02-18 13:26:49.069201","2026-03-20 13:26:49.069202",,5,ST02,COPPEL,47.00,38.00,12,EMBARCADO
DO_118073711312,"GRABASA 80% 100200250-IFA3Z882116","2026-03-26 11:21:14.019721","2026-04-25 11:21:14.019722",,2,ST01,"DISTRIBUIDORA DEPORTIVA BR",25.00,25.00,4,EMBARCADO
DO_118073811312,"GRABASA 80% 100202649-IFA3Z530621","2026-03-26 11:21:16.11821","2026-04-25 11:21:16.118211","2026-03-31 00:00:00",3,ST01,"DISTRIBUIDORA DEPORTIVA BR",197.00,197.00,18,EMBARCADO
DO_TR0003533201,ST-00035332-IFA3Z622030,"2026-03-06 15:00:22.413629","2026-04-05 15:00:22.413629",,119,ST08,"Cliente contenido en la orden: DO_TR0003340901",549.00,430.00,147,EMBARCADO
DO_TR0003591501,ST-00035915-IFA3Z286951,"2026-03-11 14:00:19.276462","2026-04-10 14:00:19.276463",,6,ST01,"Cliente contenido en la orden: DO_TR0003239901",33.00,27.00,5,EMBARCADO
DO_TR0003572901,ST-00035729-IFA3Z852485,"2026-03-09 14:00:17.73725","2026-04-08 14:00:17.73725",,123,ST02,"Cliente contenido en la orden: DO_TR0003340601",434.00,377.00,131,EMBARCADO
DO_TR0003412001,ST-00034120-IFA3Z124738,"2026-02-18 11:00:10.290539","2026-03-20 11:00:10.29054",,18,ST07,"Cliente contenido en la orden: DO_TR0003239901",1298.00,1298.00,119,EMBARCADO
DO_TR0003522701,ST-00035227-IFA3Z385162,"2026-03-04 17:23:37.150127","2026-04-03 17:23:37.150127",,47,ST07,"Cliente contenido en la orden: DO_TR0003341301",231.00,215.00,62,EMBARCADO
DO_TR0003590401,ST-00035904-IFA3Z904946,"2026-03-11 13:00:18.231289","2026-04-10 13:00:18.231289",,1,ST02,"Cliente contenido en la orden: DO_TR0003239901",5.00,5.00,1,EMBARCADO
DO_TR0003591101,ST-00035911-IFA3Z673415,"2026-03-11 14:00:11.261371","2026-04-10 14:00:11.261372",,12,ST04,"Cliente contenido en la orden: DO_TR0003239901",153.00,150.00,25,EMBARCADO
DO_TR0003550701,ST-00035507-IFA3Z616118,"2026-03-09 11:00:11.378735","2026-04-08 11:00:11.378736",,29,ST06,"Cliente contenido en la orden: DO_TR0003239901",2903.00,2584.00,244,EMBARCADO
DO_TR0003606401,ST-00036064-IFA3Z384813,"2026-03-13 10:41:43.970356","2026-04-12 10:41:43.970357",,41,ST11,"Cliente contenido en la orden: DO_TR0003341301",231.00,197.00,43,EMBARCADO
DO_117798904751,"Marzo no.4 2026_MELI FULL-IFA3Z933377","2026-03-11 16:20:07.59112","2026-04-10 16:20:07.591121",,35,ST01,TLAKATI,132.00,105.00,38,EMBARCADO
DO_TR0003649801,ST-00036498-IFA3Z381540,"2026-03-17 12:00:15.803513","2026-04-16 12:00:15.803513",,1,ST01,"Cliente contenido en la orden: DO_TR0003384501",1.00,1.00,1,EMBARCADO
DO_117799104751,"Marzo no.4 2026_POLANCO2-IFA3Z955409","2026-03-11 16:20:35.30668","2026-04-10 16:20:35.30668",,34,ST03,TLAKATI,37.00,31.00,28,EMBARCADO
DO_TR0003533401,ST-00035334-IFA3Z790703,"2026-03-06 15:01:48.934582","2026-04-05 15:01:48.934582",,111,ST02,"Cliente contenido en la orden: DO_TR0003341501",506.00,398.00,116,EMBARCADO
DO_TR0003550801,ST-00035508-IFA3Z638774,"2026-03-06 15:02:57.970005","2026-04-05 15:02:57.970006",,2,ST01,"Cliente contenido en la orden: DO_TR0003281001",114.00,54.00,6,EMBARCADO
DO_TR0003550901,ST-00035509-IFA3Z939044,"2026-03-06 15:03:00.694176","2026-04-05 15:03:00.694176",,5,ST05,"Cliente contenido en la orden: DO_TR0003239901",76.00,76.00,10,EMBARCADO
DO_TR0003412101,ST-00034121-IFA3Z338120,"2026-02-18 11:00:22.226104","2026-03-20 11:00:22.226104",,15,ST06,"Cliente contenido en la orden: DO_TR0003239901",1652.00,1291.00,128,EMBARCADO
DO_TR0003551001,ST-00035510-IFA3Z718346,"2026-03-06 15:03:04.394792","2026-04-05 15:03:04.394792",,14,ST06,"Cliente contenido en la orden: DO_TR0003239901",84.00,80.00,19,EMBARCADO
DO_TR0003674301,ST-00036743-IFA3Z620309,"2026-03-18 13:00:15.278156","2026-04-17 13:00:15.278157",,15,ST01,"Cliente contenido en la orden: DO_TR0003239901",33.00,29.00,13,EMBARCADO
DO_TR0003553301,ST-00035533-IFA3Z821435,"2026-03-06 15:03:17.262902","2026-04-05 15:03:17.262902",,32,ST01,"Cliente contenido en la orden: DO_TR0003239901",2214.00,2214.00,209,EMBARCADO
DO_TR0003434601,ST-00034346-IFA3Z700536,"2026-02-19 12:48:34.122405","2026-03-21 12:48:34.122406",,44,ST05,"Cliente contenido en la orden: DO_TR0003239901",1912.00,1816.00,206,EMBARCADO
DO_TR0003746501,ST-00037465-IFA3Z433881,"2026-03-26 18:00:21.649922","2026-04-25 18:00:21.649923",,16,ST01,"Cliente contenido en la orden: DO_TR0003239901",197.00,191.00,28,EMBARCADO
DO_118072311312,"GRABASA 80% 100000100-IFA3Z976458","2026-03-26 11:20:23.742899","2026-04-25 11:20:23.7429","2026-03-31 00:00:00",1,ST02,"DISTRIBUIDORA DEPORTIVA BR",22.00,22.00,3,EMBARCADO
DO_118072911312,"GRABASA 80% 100233099-IFA3Z933424","2026-03-26 11:20:41.202587","2026-04-25 11:20:41.202588","2026-03-31 00:00:00",8,ST07,"DISTRIBUIDORA DEPORTIVA BR",158.00,110.00,11,EMBARCADO
DO_TR0003674401,ST-00036744-IFA3Z577531,"2026-03-18 13:00:26.46615","2026-04-17 13:00:26.46615",,21,ST02,"Cliente contenido en la orden: DO_TR0003239901",754.00,747.00,79,EMBARCADO
DO_118072811312,"GRABASA 80% 100232573-IFA3Z180076","2026-03-26 11:20:39.346569","2026-04-25 11:20:39.34657","2026-03-31 00:00:00",1,ST08,"DISTRIBUIDORA DEPORTIVA BR",12.00,12.00,1,EMBARCADO
DO_TR0003745501,ST-00037455-IFA3Z717179,"2026-03-26 16:00:15.234247","2026-04-25 16:00:15.234247",,2,ST01,"Cliente contenido en la orden: DO_TR0003384501",2.00,2.00,2,EMBARCADO
DO_TR0003745301,ST-00037453-IFA3Z720598,"2026-03-26 16:00:12.937949","2026-04-25 16:00:12.93795",,2,ST01,"Cliente contenido en la orden: DO_TR0003384501",2.00,2.00,2,EMBARCADO
DO_TR0003745401,ST-00037454-IFA3Z995346,"2026-03-26 16:00:14.369771","2026-04-25 16:00:14.369771",,1,ST03,"Cliente contenido en la orden: DO_TR0003384501",2.00,2.00,1,EMBARCADO
DO_TR0003745101,ST-00037451-IFA3Z953770,"2026-03-26 16:00:11.298501","2026-04-25 16:00:11.298502",,1,ST01,"Cliente contenido en la orden: DO_TR0003384501",1.00,1.00,1,EMBARCADO
DO_TR0003746301,ST-00037463-IFA3Z262324,"2026-03-26 18:00:12.032251","2026-04-25 18:00:12.032252",,13,ST01,"Cliente contenido en la orden: DO_TR0003239901",975.00,974.00,94,EMBARCADO
DO_TR0003748801,ST-00037488-IFA3Z261860,"2026-03-26 18:00:32.717692","2026-04-25 18:00:32.717692",,9,ST01,"Cliente contenido en la orden: DO_TR0003239901",360.00,360.00,41,EMBARCADO
DO_TR0003761301,ST-00037613-IFA3Z627991,"2026-03-27 12:00:39.219648","2026-04-26 12:00:39.219648",,235,ST01,"Cliente contenido en la orden: DO_TR0003384501",2800.00,2729.00,417,EMBARCADO
DO_TR0003674501,ST-00036745-IFA3Z377523,"2026-03-18 13:00:42.343924","2026-04-17 13:00:42.343925","2026-03-20 00:00:00",34,ST05,"Cliente contenido en la orden: DO_TR0003239901",1437.00,1249.00,123,EMBARCADO
DO_TR0003732701,ST-00037327-IFA3Z288665,"2026-03-25 14:00:10.214439","2026-04-24 14:00:10.214439","2026-03-28 00:00:00",13,ST02,"Cliente contenido en la orden: DO_TR0003239901",119.00,12.00,2,EMBARCADO
DO_118072411312,"GRABASA 80% 100008495-IFA3Z110445","2026-03-26 11:20:25.713239","2026-04-25 11:20:25.713239","2026-03-31 00:00:00",5,ST01,"DISTRIBUIDORA DEPORTIVA BR",384.00,384.00,40,EMBARCADO
DO_TR0003685101,ST-00036851-IFA3Z294752,"2026-03-19 14:00:35.467681","2026-04-18 14:00:35.467682",,280,ST01,"Cliente contenido en la orden: DO_TR0003239901",1486.00,870.00,206,EMBARCADO
DO_TR0003732801,ST-00037328-IFA3Z197369,"2026-03-25 14:00:18.865203","2026-04-24 14:00:18.865204","2026-03-28 00:00:00",3,ST02,"Cliente contenido en la orden: DO_TR0003239901",142.00,142.00,14,EMBARCADO
DO_TR0003720401,ST-00037204-IFA3Z421897,"2026-03-24 11:00:26.062608","2026-04-23 11:00:26.062609","2026-03-27 00:00:00",137,ST01,"Cliente contenido en la orden: DO_TR0003463501",344.00,326.00,144,EMBARCADO
DO_TR0003593501,ST-00035935-IFA3Z468034,"2026-03-11 16:02:42.936594","2026-04-10 16:02:42.936594",,166,ST04,"Cliente contenido en la orden: DO_TR0003341401",746.00,618.00,202,EMBARCADO
DO_117882911450,RLMARZO-IFA3Z606426,"2026-03-18 11:24:28.122465","2026-04-17 11:24:28.122465",,523,ST01,"RAUL EDUARDO LUNA JACINTO",8188.00,7196.00,1018,EMBARCADO
DO_TR0003576101,ST-00035761-IFA3Z473512,"2026-03-09 18:00:13.0038","2026-04-08 18:00:13.003801",,5,ST08,"Cliente contenido en la orden: DO_TR0003239901",73.00,15.00,2,EMBARCADO
DO_TR0003732901,ST-00037329-IFA3Z949857,"2026-03-25 14:00:24.537766","2026-04-24 14:00:24.537767","2026-03-28 00:00:00",52,ST04,"Cliente contenido en la orden: DO_TR0003239901",339.00,327.00,71,EMBARCADO
DO_TR0003700601,ST-00037006-IFA3Z957402,"2026-03-20 12:02:11.969384","2026-04-19 12:02:11.969384",,565,ST01,"Cliente contenido en la orden: DO_TR0003384501",8474.00,7640.00,1129,EMBARCADO
DO_TR0003605601,ST-00036056-IFA3Z285043,"2026-03-13 10:31:20.296132","2026-04-12 10:31:20.296132",,194,ST01,"Cliente contenido en la orden: DO_TR0003340501",801.00,696.00,229,EMBARCADO
DO_TR0003710601,ST-00037106-IFA3Z138665,"2026-03-23 12:00:15.391419","2026-04-22 12:00:15.39142",,34,ST01,"Cliente contenido en la orden: DO_TR0003239901",1800.00,1367.00,136,EMBARCADO
DO_TR0003745201,ST-00037452-IFA3Z253453,"2026-03-26 16:00:12.095729","2026-04-25 16:00:12.09573",,1,ST02,"Cliente contenido en la orden: DO_TR0003384501",1.00,1.00,1,EMBARCADO
DO_TR0003603501,ST-00036035-IFA3Z327831,"2026-03-13 10:29:53.721715","2026-04-12 10:29:53.721715",,5,ST02,"Cliente contenido en la orden: DO_TR0003239901",446.00,228.00,21,EMBARCADO
DO_TR0003779101,ST-00037791-IFA3Z130756,"2026-03-31 14:00:14.907621","2026-04-30 14:00:14.907622","2026-04-03 00:00:00",41,ST01,"Cliente contenido en la orden: DO_TR0003239901",441.00,441.00,62,EMBARCADO
DO_TR0003789901,ST-00037899-IFA3Z697337,"2026-04-01 14:00:10.915388","2026-05-01 14:00:10.915389",,1,ST01,"Cliente contenido en la orden: DO_TR0003239901",5.00,5.00,2,EMBARCADO
DO_TR0003722701,ST-00037227-IFA3Z673139,"2026-03-24 12:00:24.8375","2026-04-23 12:00:24.8375",,43,ST01,"Cliente contenido en la orden: DO_TR0003239901",1434.00,1377.00,149,EMBARCADO
DO_TR0003720501,ST-00037205-IFA3Z891400,"2026-03-24 11:02:19.091368","2026-04-23 11:02:19.091368",,138,ST02,"Cliente contenido en la orden: DO_TR0003463601",244.00,228.00,135,EMBARCADO
DO_TR0003792501,ST-00037925-IFA3Z118461,"2026-04-02 11:00:11.834595","2026-05-02 11:00:11.834596",,3,ST01,"Cliente contenido en la orden: DO_TR0003384501",3.00,2.00,2,EMBARCADO
DO_TR0003576301,ST-00035763-IFA3Z535557,"2026-03-09 19:00:13.917745","2026-04-08 19:00:13.917745",,11,ST01,"Cliente contenido en la orden: DO_TR0003239901",2332.00,2332.00,210,EMBARCADO
INVS-CED-3-3-20260307-000000440,INVE-REF-CED-INV-3-3-20260307-000000439,"2026-03-07 02:36:16.217234","2026-04-06 02:36:16.217234",,11,STAR-1,INVENTARIOS,2.00,2.00,1,EMBARCADO
DO_117943411312,"GRABASA 70% PACHUCA V2 100233907-IFA3Z240101","2026-03-18 14:20:03.554089","2026-04-17 14:20:03.55409",,5,ST02,"DISTRIBUIDORA DEPORTIVA BR",84.00,64.00,9,EMBARCADO
DO_TR0003576401,ST-00035764-IFA3Z161340,"2026-03-09 19:00:21.936174","2026-04-08 19:00:21.936175",,17,ST03,"Cliente contenido en la orden: DO_TR0003239901",518.00,403.00,45,EMBARCADO
DO_117799911312,"GRABASA Q2 53% PACHUCA 100249655-IFA3Z351771","2026-03-11 17:20:15.475236","2026-04-10 17:20:15.475237",,6,ST02,"DISTRIBUIDORA DEPORTIVA BR",126.00,126.00,16,EMBARCADO
DO_TR0003603701,ST-00036037-IFA3Z694868,"2026-03-13 10:30:42.13495","2026-04-12 10:30:42.13495",,7,ST03,"Cliente contenido en la orden: DO_TR0003239901",391.00,372.00,37,EMBARCADO
DO_TR0003661601,ST-00036616-IFA3Z189643,"2026-03-17 15:08:53.158025","2026-04-16 15:08:53.158026",,43,ST08,"Cliente contenido en la orden: DO_TR0003341101",251.00,210.00,65,EMBARCADO
DO_TR0003603801,ST-00036038-IFA3Z652000,"2026-03-13 10:30:48.30271","2026-04-12 10:30:48.30271",,23,ST03,"Cliente contenido en la orden: DO_TR0003239901",371.00,347.00,50,EMBARCADO
DO_TR0003716601,ST-00037166-IFA3Z187738,"2026-03-23 18:03:26.506009","2026-04-22 18:03:26.506009",,198,ST02,"Cliente contenido en la orden: DO_TR0003340601",691.00,615.00,202,EMBARCADO
DO_TR0003785701,ST-00037857-IFA3Z726393,"2026-04-01 12:00:53.064205","2026-05-01 12:00:53.064206",,53,ST01,"Cliente contenido en la orden: DO_TR0003239901",1020.00,1020.00,138,EMBARCADO
DO_118072511312,"GRABASA 80% 100008494-IFA3Z839774","2026-03-26 11:20:28.623671","2026-04-25 11:20:28.623672","2026-03-31 00:00:00",6,ST04,"DISTRIBUIDORA DEPORTIVA BR",2483.00,2441.00,221,EMBARCADO
DO_TR0003785601,ST-00037856-IFA3Z583995,"2026-04-01 12:00:13.529387","2026-05-01 12:00:13.529388","2026-04-03 00:00:00",17,ST01,"Cliente contenido en la orden: DO_TR0003239901",239.00,236.00,33,EMBARCADO
DO_TR0003720601,ST-00037206-IFA3Z460498,"2026-03-24 11:04:22.09086","2026-04-23 11:04:22.090861",,137,ST03,"Cliente contenido en la orden: DO_TR0003463801",231.00,222.00,140,EMBARCADO
DO_TR0003720701,ST-00037207-IFA3Z879747,"2026-03-24 11:06:42.357192","2026-04-23 11:06:42.357193",,125,ST05,"Cliente contenido en la orden: DO_TR0003463901",313.00,294.00,137,EMBARCADO
DO_TR0003716701,ST-00037167-IFA3Z815381,"2026-03-23 18:07:23.763318","2026-04-22 18:07:23.763319",,251,ST03,"Cliente contenido en la orden: DO_TR0003340801",1099.00,1007.00,294,EMBARCADO
DO_117799004751,"Marzo no.4 2026_MUESTRARIO-IFA3Z402504","2026-03-11 16:20:29.677351","2026-04-10 16:20:29.677351",,5,ST02,TLAKATI,5.00,4.00,4,EMBARCADO
DO_TR0003649701,ST-00036497-IFA3Z168798,"2026-03-17 12:00:12.251765","2026-04-16 12:00:12.251766",,5,ST03,"Cliente contenido en la orden: DO_TR0003384501",5.00,5.00,5,EMBARCADO
DO_TR0003716801,ST-00037168-IFA3Z853726,"2026-03-23 18:09:28.245766","2026-04-22 18:09:28.245766",,71,ST04,"Cliente contenido en la orden: DO_TR0003341301",298.00,284.00,90,EMBARCADO
DO_TR0003720801,ST-00037208-IFA3Z635465,"2026-03-24 11:08:35.224387","2026-04-23 11:08:35.224388",,135,ST05,"Cliente contenido en la orden: DO_TR0003464001",341.00,325.00,140,EMBARCADO
DO_TR0003661101,ST-00036611-IFA3Z450646,"2026-03-17 15:01:51.321121","2026-04-16 15:01:51.321121",,179,ST02,"Cliente contenido en la orden: DO_TR0003340601",799.00,686.00,217,EMBARCADO
DO_TR0003605801,ST-00036058-IFA3Z367995,"2026-03-13 10:34:45.37163","2026-04-12 10:34:45.371631",,91,ST03,"Cliente contenido en la orden: DO_TR0003340701",445.00,376.00,109,EMBARCADO
DO_TR0003527101,ST-00035271-IFA3Z745817,"2026-03-04 17:27:16.706704","2026-04-03 17:27:16.706705",,1,ST01,"Cliente contenido en la orden: DO_TR0003239901",5.00,5.00,1,EMBARCADO
DO_TR0003720901,ST-00037209-IFA3Z646463,"2026-03-24 11:10:34.078058","2026-04-23 11:10:34.078058",,126,ST06,"Cliente contenido en la orden: DO_TR0003464101",292.00,275.00,129,EMBARCADO
DO_TR0003716501,ST-00037165-IFA3Z185046,"2026-03-23 18:00:30.475482","2026-04-22 18:00:30.475482",,238,ST01,"Cliente contenido en la orden: DO_TR0003340501",1084.00,970.00,267,EMBARCADO
DO_TR0003661201,ST-00036612-IFA3Z760737,"2026-03-17 15:03:54.748075","2026-04-16 15:03:54.748076",,72,ST04,"Cliente contenido en la orden: DO_TR0003340701",411.00,349.00,117,EMBARCADO
DO_TR0003716901,ST-00037169-IFA3Z338626,"2026-03-23 18:10:55.660733","2026-04-22 18:10:55.660734",,213,ST03,"Cliente contenido en la orden: DO_TR0003341201",827.00,712.00,236,EMBARCADO
DO_TR0003661301,ST-00036613-IFA3Z448102,"2026-03-17 15:04:58.173224","2026-04-16 15:04:58.173225",,140,ST03,"Cliente contenido en la orden: DO_TR0003340801",759.00,593.00,184,EMBARCADO
DO_TR0003661401,ST-00036614-IFA3Z952140,"2026-03-17 15:06:41.132984","2026-04-16 15:06:41.132985",,40,ST05,"Cliente contenido en la orden: DO_TR0003340901",235.00,216.00,62,EMBARCADO
DO_117799611312,"GRABASA Q2 53% GUADALAJARA 100244696-IFA3Z361976","2026-03-11 17:20:09.461985","2026-04-10 17:20:09.461986",,9,ST02,"DISTRIBUIDORA DEPORTIVA BR",36.00,30.00,13,EMBARCADO
DO_TR0003685401,ST-00036854-IFA3Z178771,"2026-03-19 15:00:17.46308","2026-04-18 15:00:17.463081",,82,ST02,"Cliente contenido en la orden: DO_TR0003239901",5905.00,5607.00,560,EMBARCADO
DO_TR0003705801,ST-00037058-IFA3Z902588,"2026-03-20 15:00:12.886306","2026-04-19 15:00:12.886306",,19,ST02,"Cliente contenido en la orden: DO_TR0003239901",292.00,43.00,8,EMBARCADO
DO_TR0003705901,ST-00037059-IFA3Z289144,"2026-03-20 15:00:25.899669","2026-04-19 15:00:25.899669",,12,ST01,"Cliente contenido en la orden: DO_TR0003239901",194.00,159.00,21,EMBARCADO
DO_TR0003606601,ST-00036066-IFA3Z589210,"2026-03-13 10:44:17.981871","2026-04-12 10:44:17.981871",,74,ST13,"Cliente contenido en la orden: DO_TR0003341501",439.00,362.00,81,EMBARCADO
DO_TR0003576001,ST-00035760-IFA3Z435402,"2026-03-09 18:00:11.295744","2026-04-08 18:00:11.295745",,2,ST01,"Cliente contenido en la orden: DO_TR0003239901",13.00,13.00,3,EMBARCADO
DO_TR0003636001,ST-00036360-IFA3Z749409,"2026-03-13 12:01:02.895628","2026-04-12 12:01:02.895629",,7,ST04,"Cliente contenido en la orden: DO_TR0003239901",175.00,113.00,11,EMBARCADO
DO_TR0003606201,ST-00036062-IFA3Z352439,"2026-03-13 10:39:21.328851","2026-04-12 10:39:21.328851",,81,ST04,"Cliente contenido en la orden: DO_TR0003341101",388.00,332.00,90,EMBARCADO
DO_TR0003717001,ST-00037170-IFA3Z718089,"2026-03-23 18:14:28.100009","2026-04-22 18:14:28.100009",,230,ST05,"Cliente contenido en la orden: DO_TR0003341401",1047.00,872.00,283,EMBARCADO
DO_TR0003661701,ST-00036617-IFA3Z578734,"2026-03-17 15:09:39.411922","2026-04-16 15:09:39.411923",,99,ST08,"Cliente contenido en la orden: DO_TR0003341201",518.00,378.00,119,EMBARCADO
DO_TR0003771501,ST-00037715-IFA3Z113148,"2026-03-30 14:00:11.497541","2026-04-29 14:00:11.497541",,4,ST04,"Cliente contenido en la orden: DO_TR0003239901",170.00,56.00,5,EMBARCADO
DO_TR0003661801,ST-00036618-IFA3Z312108,"2026-03-17 15:11:04.814801","2026-04-16 15:11:04.814801",,62,ST09,"Cliente contenido en la orden: DO_TR0003341401",378.00,350.00,86,EMBARCADO
DO_TR0003661901,ST-00036619-IFA3Z537385,"2026-03-17 15:11:55.153348","2026-04-16 15:11:55.153348",,7,ST09,"Cliente contenido en la orden: DO_TR0003341501",47.00,39.00,8,EMBARCADO
DO_TR0003605901,ST-00036059-IFA3Z694943,"2026-03-13 10:36:00.30432","2026-04-12 10:36:00.304321",,69,ST04,"Cliente contenido en la orden: DO_TR0003340801",390.00,343.00,96,EMBARCADO
DO_TR0003603601,ST-00036036-IFA3Z464065,"2026-03-13 10:30:01.542305","2026-04-12 10:30:01.542306",,64,ST01,"Cliente contenido en la orden: DO_TR0003239901",3682.00,3471.00,387,EMBARCADO
DO_TR0003606301,ST-00036063-IFA3Z478363,"2026-03-13 10:40:35.639508","2026-04-12 10:40:35.639509",,78,ST08,"Cliente contenido en la orden: DO_TR0003341201",372.00,332.00,100,EMBARCADO
DO_TR0003661001,ST-00036610-IFA3Z965424,"2026-03-17 15:00:26.268496","2026-04-16 15:00:26.268496",,110,ST01,"Cliente contenido en la orden: DO_TR0003340501",597.00,532.00,152,EMBARCADO
DO_TR0003773201,ST-00037732-IFA3Z521102,"2026-03-30 16:00:14.393262","2026-04-29 16:00:14.393263",,32,ST02,"Cliente contenido en la orden: DO_TR0003239901",144.00,118.00,26,EMBARCADO
DO_TR0003779301,ST-00037793-IFA3Z826311,"2026-03-31 16:00:17.351154","2026-04-30 16:00:17.351155",,1,ST01,"Cliente contenido en la orden: DO_TR0003281001",10.00,10.00,1,EMBARCADO
DO_TR0003606001,ST-00036060-IFA3Z652734,"2026-03-13 10:36:59.294585","2026-04-12 10:36:59.294585",,76,ST05,"Cliente contenido en la orden: DO_TR0003340901",412.00,348.00,96,EMBARCADO
DO_TR0003606501,ST-00036065-IFA3Z896429,"2026-03-13 10:42:35.431493","2026-04-12 10:42:35.431493",,104,ST12,"Cliente contenido en la orden: DO_TR0003341401",538.00,457.00,125,EMBARCADO
